class,file,v_mean,v_p95,specular_ratio,stripe_like_ratio
vest,original(1)(1)_p0.jpg,142.08667490433675,212.0,0.003288424744897959,0.09444754464285714
vest,original(1)(2)_p1.jpg,88.78332270408163,159.0,0.004743303571428571,0.0185546875
vest,original(1)(2)_p2.jpg,144.45858577806123,255.0,0.14795918367346939,0.26552535076530615
vest,original(1)(2)_p3.jpg,151.63767538265307,255.0,0.1815609056122449,0.32386001275510207
vest,original(1)(2)_p4.jpg,168.76046316964286,251.0,0.11224489795918367,0.47500797193877553
vest,original(10)(1)_p0.jpg,130.5958625637755,199.0,0.010961415816326531,0.04330755739795918
vest,original(10)_p0.jpg,168.77088647959184,238.0,0.08474170918367346,0.14562739158163265
vest,original(10)_p1.jpg,140.1663145727041,243.0,0.09181680484693877,0.17215401785714285
vest,original(101)_p0.jpg,142.82766661352042,206.0,0.01789700255102041,0.040696747448979595
vest,original(101)_p1.jpg,127.18409199617346,186.0,0.0038464604591836736,0.03475765306122449
vest,original(101)_p2.jpg,115.18572624362245,180.0,0.005660076530612245,0.03533561862244898
vest,original(101)_p3.jpg,96.5887675382653,169.0,0.0009367028061224489,0.011120854591836735
vest,original(101)_p4.jpg,108.36740672831633,174.0,0.004185267857142857,0.02574936224489796
vest,original(101)_p5.jpg,150.5450813137755,220.0,0.021603954081632654,0.22391183035714285
vest,original(101)_p6.jpg,149.28836495535714,230.0,0.047951211734693876,0.1592594068877551
vest,original(102)_p0.jpg,131.93223852040816,194.0,0.0036471619897959183,0.03475765306122449
vest,original(103)_p0.jpg,135.96378746811226,197.0,0.012894610969387755,0.0509406887755102
vest,original(103)_p1.jpg,150.9054727359694,217.0,0.02694515306122449,0.1465640943877551
vest,original(103)_p2.jpg,134.64805883290816,239.0,0.0790218431122449,0.22154017857142858
vest,original(103)_p3.jpg,153.72596460459184,213.0,0.013811383928571428,0.2517936862244898
vest,original(103)_p4.jpg,154.64572704081633,242.0,0.09671954719387756,0.34243463010204084
vest,original(103)_p5.jpg,140.2512356505102,209.0,0.019013073979591837,0.21340880102040816
vest,original(104)_p0.jpg,164.40062978316325,225.0,0.0359733737244898,0.13205516581632654
vest,original(104)_p1.jpg,164.00593909438774,231.0,0.05169802295918367,0.19168526785714285
vest,original(104)_p2.jpg,144.97181919642858,235.0,0.06606744260204081,0.17530293367346939
vest,original(105)_p0.jpg,103.00286989795919,216.0,0.017040019132653062,0.006158322704081632
vest,original(106)_p0.jpg,158.42729591836735,231.0,0.050103635204081634,0.13123804209183673
vest,original(106)_p1.jpg,156.60090481505102,225.0,0.03888313137755102,0.14823820153061223
vest,original(106)_p2.jpg,145.67873086734693,234.0,0.060267857142857144,0.1912468112244898
vest,original(106)_p3.jpg,156.83998325892858,237.0,0.06845902423469388,0.24968112244897958
vest,original(107)_p0.jpg,79.49890385841837,203.0,0.029854910714285716,0.03599330357142857
vest,original(107)_p1.jpg,102.56493144132654,241.0,0.07882254464285714,0.008948501275510204
vest,original(108)_p0.jpg,118.8350605867347,230.0,0.04771205357142857,0.10485092474489796
vest,original(109)_p0.jpg,150.72690130739795,225.0,0.03962053571428571,0.1119858099489796
vest,original(109)_p1.jpg,145.15216438137756,225.0,0.03774713010204082,0.1279894770408163
vest,original(109)_p2.jpg,142.0939094387755,237.0,0.07106983418367346,0.16559709821428573
vest,original(11)(1)_p0.jpg,149.4280333227041,182.0,9.964923469387755e-05,0.030133928571428572
vest,original(11)(1)_p1.jpg,141.29984454719389,171.0,0.0,0.0048828125
vest,original(11)_p0.jpg,141.38347018494898,251.0,0.13313137755102042,0.17338966836734693
vest,original(11)_p1.jpg,154.609375,243.0,0.09426817602040816,0.22865513392857142
vest,original(11)_p2.jpg,161.58751195790816,246.0,0.12406329719387756,0.1002670599489796
vest,original(110)_p0.jpg,142.40915975765307,220.0,0.034677933673469385,0.20075334821428573
vest,original(111)_p0.jpg,133.96799266581633,189.0,0.02853954081632653,0.015864158163265307
vest,original(112)_p0.jpg,138.19967713647958,206.0,0.016721141581632654,0.06098533163265306
vest,original(112)_p1.jpg,149.88865194515307,207.0,0.015764508928571428,0.10512994260204081
vest,original(112)_p2.jpg,140.3114636479592,207.0,0.02112563775510204,0.08954480229591837
vest,original(112)_p3.jpg,144.02393574617346,219.0,0.02477279974489796,0.16320551658163265
vest,original(112)_p4.jpg,134.14309630102042,216.0,0.01468829719387755,0.19355867346938777
vest,original(113)_p0.jpg,160.25121572066325,241.0,0.08474170918367346,0.435726243622449
vest,original(113)_p1.jpg,135.27752311862244,243.0,0.08442283163265306,0.2049984056122449
vest,original(114)_p0.jpg,113.01215720663265,183.0,0.002590880102040816,0.010224011479591837
vest,original(114)_p1.jpg,115.50486288265306,185.0,0.0048828125,0.026606345663265307
vest,original(114)_p3.jpg,101.32918128188776,175.0,0.015405771683673469,0.023238201530612245
vest,original(115)_p0.jpg,172.56006855867346,252.0,0.1546356823979592,0.2903380102040816
vest,original(115)_p1.jpg,178.4254225127551,246.0,0.15750558035714285,0.4278140943877551
vest,original(115)_p2.jpg,153.3996133609694,225.0,0.03892299107142857,0.1843311543367347
vest,original(115)_p3.jpg,141.65977758290816,227.0,0.04243064413265306,0.10405373086734694
vest,original(116)_p0.jpg,142.00757334183675,214.0,0.022739955357142856,0.09638073979591837
vest,original(116)_p1.jpg,154.33785076530611,222.0,0.03342235331632653,0.16238839285714285
vest,original(116)_p2.jpg,153.62992267219389,236.0,0.06110491071428571,0.1581234056122449
vest,original(116)_p3.jpg,143.6113879145408,232.0,0.05462771045918367,0.15361926020408162
vest,original(116)_p4.jpg,161.5693359375,229.0,0.04609773596938776,0.2734972895408163
vest,original(117)_p0.jpg,99.73814174107143,231.0,0.05084103954081633,0.07898198341836735
vest,original(117)_p1.jpg,114.11694834183673,215.0,0.033701371173469385,0.08785076530612244
vest,original(117)_p2.jpg,127.18622448979592,223.0,0.02614795918367347,0.10604671556122448
vest,original(117)_p3.jpg,97.97042410714286,239.0,0.06907684948979592,0.01153938137755102
vest,original(118)_p0.jpg,150.48399633290816,241.0,0.09741709183673469,0.08763153698979592
vest,original(119)_p0.jpg,133.34090003188774,181.0,1.992984693877551e-05,0.012894610969387755
vest,original(119)_p1.jpg,96.96560108418367,140.0,0.0,0.001634247448979592
vest,original(12)_p0.jpg,94.72245695153062,184.0,0.007932079081632654,0.05685985331632653
vest,original(120)_p0.jpg,145.74477838010205,234.0,0.06060666454081633,0.21344866071428573
vest,original(120)_p1.jpg,165.95280612244898,250.0,0.14036591198979592,0.2158801020408163
vest,original(120)_p2.jpg,174.27734375,249.0,0.15076929209183673,0.3174625318877551
vest,original(121)_p0.jpg,182.33518016581633,250.0,0.14391342474489796,0.4174306441326531
vest,original(121)_p1.jpg,170.16446109693877,238.0,0.08452248086734694,0.27939652423469385
vest,original(121)_p2.jpg,166.9127869897959,236.0,0.06570870535714286,0.25516183035714285
vest,original(121)_p3.jpg,169.85190130739795,248.0,0.1338488520408163,0.38143734056122447
vest,original(122)_p0.jpg,187.0255500637755,254.0,0.19977678571428573,0.3935546875
vest,original(122)_p1.jpg,170.69377790178572,253.0,0.18598533163265307,0.3013392857142857
vest,original(122)_p2.jpg,141.60961415816325,237.0,0.07055165816326531,0.15495455994897958
vest,original(123)_p0.jpg,160.48887914540816,224.0,0.04059709821428571,0.13163663903061223
vest,original(123)_p1.jpg,146.76333306760205,214.0,0.02560985331632653,0.10973373724489796
vest,original(123)_p2.jpg,134.1026985012755,211.0,0.01833545918367347,0.10606664540816327
vest,original(123)_p3.jpg,159.61896125637756,243.0,0.12292729591836735,0.31552933673469385
vest,original(123)_p4.jpg,150.39377391581633,235.0,0.06232063137755102,0.17851163903061223
vest,original(124)_p0.jpg,136.9992825255102,193.0,0.0026705994897959183,0.04147401147959184
vest,original(125)_p0.jpg,158.1361009247449,236.0,0.06517059948979592,0.14110331632653061
vest,original(125)_p1.jpg,137.77650669642858,247.0,0.09143813775510204,0.15931919642857142
vest,original(125)_p2.jpg,149.20469945790816,247.0,0.12099410076530612,0.26339285714285715
vest,original(125)_p3.jpg,149.84430803571428,244.0,0.09416852678571429,0.2516940369897959
vest,original(125)_p4.jpg,149.34813456632654,245.0,0.10873724489795919,0.23042889030612246
vest,original(125)_p5.jpg,171.16659359056123,247.0,0.16143176020408162,0.33557876275510207
vest,original(126)_p0.jpg,158.5290377869898,251.0,0.18407206632653061,0.16286670918367346
vest,original(126)_p1.jpg,126.42548230229592,237.0,0.06792091836734694,0.10212053571428571
vest,original(126)_p2.jpg,131.1080994897959,210.0,0.010622608418367346,0.23636798469387754
vest,original(127)_p0.jpg,167.42727598852042,243.0,0.10758131377551021,0.21173469387755103
vest,original(127)_p1.jpg,144.10522959183675,244.0,0.099609375,0.11800462372448979
vest,original(127)_p2.jpg,140.73270089285714,229.0,0.044921875,0.06604751275510204
vest,original(128)_p0.jpg,144.00629783163265,209.0,0.02130500637755102,0.10600685586734694
vest,original(128)_p1.jpg,149.73939732142858,219.0,0.0323860012755102,0.08119419642857142
vest,original(128)_p2.jpg,148.86453683035714,237.0,0.06991390306122448,0.21896922831632654
vest,original(128)_p3.jpg,155.03647161989795,233.0,0.0613639987244898,0.21875
vest,original(129)_p0.jpg,114.82485650510205,175.0,0.00408561862244898,0.02995455994897959
vest,original(129)_p1.jpg,117.20788823341837,205.0,0.0157047193877551,0.055006377551020405
vest,original(129)_p2.jpg,96.19991629464286,196.0,0.012575733418367346,0.025011957908163265
vest,original(129)_p3.jpg,135.22562579719389,201.0,0.010602678571428572,0.05227598852040816
vest,original(129)_p4.jpg,135.3923190369898,225.0,0.03962053571428571,0.15684789540816327
vest,original(129)_p5.jpg,123.25352758290816,218.0,0.025111607142857144,0.0361328125
vest,original(129)_p6.jpg,145.75193319515307,217.0,0.01725924744897959,0.28774713010204084
vest,original(13)(1)_p1.jpg,130.27921715561226,209.0,0.014927455357142858,0.19521285076530612
vest,original(130)_p0.jpg,157.55119977678572,249.0,0.13153698979591838,0.2888233418367347
vest,original(130)_p1.jpg,146.0958625637755,232.0,0.053053252551020405,0.20820711096938777
vest,original(130)_p2.jpg,142.71875,235.0,0.05994897959183673,0.1252391581632653
vest,original(130)_p3.jpg,127.9786152742347,227.0,0.044224330357142856,0.0924545599489796
vest,original(130)_p4.jpg,160.70972177933675,245.0,0.16115274234693877,0.30721859056122447
vest,original(130)_p5.jpg,168.31945551658163,252.0,0.16286670918367346,0.22626355229591838
vest,original(130)_p6.jpg,156.37820870535714,246.0,0.11939971301020408,0.22726004464285715
vest,original(130)_p7.jpg,149.71390704719389,246.0,0.10825892857142858,0.22008529974489796
vest,original(131)_p0.jpg,146.64919483418367,215.0,0.005022321428571429,0.0635562818877551
vest,original(132)_p0.jpg,122.71906887755102,254.0,0.10586734693877552,0.26345264668367346
vest,original(133)_p0.jpg,128.66440130739795,175.0,0.0010562818877551021,0.02473294005102041
vest,original(134)_p0.jpg,96.63645966198979,214.0,0.03712930484693878,0.0732421875
vest,original(134)_p1.jpg,110.70326450892857,212.0,0.02955596301020408,0.08982382015306123
vest,original(134)_p2.jpg,126.95776865433673,206.0,0.021185427295918366,0.18626434948979592
vest,original(134)_p3.jpg,102.94949776785714,239.0,0.07477678571428571,0.009247448979591837
vest,original(14)_p0.jpg,162.24561543367346,210.0,0.01638233418367347,0.48433514030612246
vest,original(147)_p5.jpg,159.26873405612244,231.0,0.051259566326530615,0.2719228316326531
vest,original(154)_p2.jpg,104.27072704081633,197.0,0.011658960459183673,0.0398796237244898
vest,original(155)_p0.jpg,117.21687659438776,221.0,0.027802136479591837,0.23419563137755103
vest,original(155)_p1.jpg,162.4737922512755,229.0,0.046994579081632654,0.417789381377551
vest,original(155)_p2.jpg,123.43989158163265,203.0,0.01038345025510204,0.3009406887755102
vest,original(156)_p1.jpg,151.28461814413265,252.0,0.14674346301020408,0.24635283801020408
vest,original(159)_p0.jpg,137.14321588010205,208.0,0.022799744897959183,0.11172672193877552
vest,original(16)_p0.jpg,113.46807238520408,205.0,0.013891103316326531,0.07557397959183673
vest,original(16)_p2.jpg,90.96771364795919,220.0,0.030512595663265307,0.11110889668367346
vest,original(16)_p3.jpg,99.7366868622449,227.0,0.043626434948979595,0.12946428571428573
vest,original(160)_p0.jpg,75.97159996811224,216.0,0.0165218431122449,0.03844467474489796
vest,original(161)_p0.jpg,137.7639708227041,223.0,0.027104591836734693,0.3568837691326531
vest,original(161)_p1.jpg,128.14172114158163,209.0,0.012216996173469387,0.299984056122449
vest,original(163)_p0.jpg,87.46761399872449,197.0,0.01189811862244898,0.03340242346938776
vest,original(164)_p1.jpg,121.62344547193878,177.0,0.0029496173469387753,0.018753985969387755
vest,original(165)_p0.jpg,128.99647241709184,199.0,0.010463169642857142,0.05181760204081633
vest,original(165)_p1.jpg,129.5491270727041,202.0,0.009466677295918368,0.11092952806122448
vest,original(165)_p2.jpg,120.63207509566327,166.0,0.0042849170918367345,0.01558514030612245
vest,original(166)_p0.jpg,83.08262914540816,153.0,0.004324776785714286,0.03236607142857143
vest,original(166)_p1.jpg,83.7710259885204,149.0,0.0005580357142857143,0.01992984693877551
vest,original(166)_p2.jpg,157.74250637755102,238.0,0.07445790816326531,0.3167051977040816
vest,original(167)_p0.jpg,114.41918447066327,144.0,0.00013950892857142856,0.014309630102040817
vest,original(17)(1)_p0.jpg,152.58276865433675,247.0,0.12270806760204081,0.1992785395408163
vest,original(17)(1)_p1.jpg,132.2215202487245,240.0,0.07824457908163265,0.24264588647959184
vest,original(17)(1)_p2.jpg,175.64172114158163,253.0,0.1981624681122449,0.11868223852040816
vest,original(17)(1)_p3.jpg,188.02465322066325,252.0,0.17590082908163265,0.07112962372448979
vest,original(17)(1)_p4.jpg,160.8581991390306,236.0,0.06624681122448979,0.05530532525510204
vest,original(17)_p0.jpg,164.3340441645408,248.0,0.13683832908163265,0.17500398596938777
vest,original(171)_p0.jpg,99.7934271364796,137.0,0.00045838647959183676,0.003826530612244898
vest,original(174)_p0.jpg,128.69308035714286,220.0,0.031210140306122448,0.13653938137755103
vest,original(176)_p0.jpg,124.87308673469387,221.0,0.028599330357142856,0.18736049107142858
vest,original(176)_p1.jpg,160.5289979272959,226.0,0.04292889030612245,0.45121173469387754
vest,original(176)_p3.jpg,158.87175143494898,247.0,0.1432158801020408,0.334781568877551
vest,original(177)_p0.jpg,120.7294921875,205.0,0.016183035714285716,0.09747688137755102
vest,original(177)_p1.jpg,121.63217474489795,191.0,0.004623724489795918,0.07936065051020408
vest,original(179)_p0.jpg,100.85301737882654,191.0,0.009207589285714286,0.050681600765306124
vest,original(179)_p1.jpg,131.47704081632654,220.0,0.03501674107142857,0.12501992984693877
vest,original(179)_p2.jpg,157.9190449617347,228.0,0.04434390943877551,0.2737364477040816
vest,original(18)_p0.jpg,101.43636399872449,176.0,0.00253109056122449,0.027363679846938774
vest,original(18)_p2.jpg,113.1513671875,186.0,0.0004185267857142857,0.07196667729591837
vest,original(181)_p0.jpg,121.23210299744898,192.0,0.011240433673469387,0.08346619897959184
vest,original(182)_p1.jpg,85.01484773596938,200.0,0.01927216198979592,0.043247767857142856
vest,original(182)_p2.jpg,88.71950733418367,178.0,0.0037268813775510204,0.028459821428571428
vest,original(182)_p3.jpg,131.0152662627551,201.0,0.012974330357142858,0.07696906887755102
vest,original(185)_p0.jpg,128.76072225765307,220.0,0.02863919005102041,0.11073022959183673
vest,original(186)_p0.jpg,122.95404177295919,195.0,0.005978954081632653,0.05638153698979592
vest,original(186)_p1.jpg,124.15355947066327,199.0,0.009546396683673469,0.1165298150510204
vest,original(186)_p2.jpg,113.1665338010204,170.0,0.008589764030612245,0.025450414540816327
vest,original(188)_p0.jpg,118.98435507015306,214.0,0.024473852040816327,0.12121332908163265
vest,original(190)_p0.jpg,75.31421396683673,197.0,0.01482780612244898,0.0496452487244898
vest,original(191)_p0.jpg,68.1982421875,182.0,0.012376434948979591,0.04255022321428571
vest,original(192)_p0.jpg,137.11629065688774,235.0,0.06158322704081633,0.1668327487244898
vest,original(192)_p1.jpg,118.505859375,176.0,0.004165338010204082,0.024453922193877552
vest,original(192)_p2.jpg,97.18781887755102,161.0,0.0028300382653061226,0.015605070153061224
vest,original(193)_p0.jpg,141.1403260522959,228.0,0.04332748724489796,0.15569196428571427
vest,original(193)_p1.jpg,124.73018973214286,193.0,0.007553411989795918,0.07186702806122448
vest,original(193)_p2.jpg,116.97638313137755,182.0,0.005500637755102041,0.05082110969387755
vest,original(194)_p0.jpg,98.69975685586735,227.0,0.040736607142857144,0.046197385204081634
vest,original(194)_p1.jpg,95.38468590561224,173.0,0.004643654336734694,0.03515625
vest,original(195)_p1.jpg,153.04187260841837,244.0,0.12456154336734694,0.20262675382653061
vest,original(197)_p0.jpg,127.03970025510205,215.25,0.027363679846938774,0.14082429846938777
vest,original(197)_p1.jpg,148.18973214285714,228.0,0.04468271683673469,0.25279017857142855
vest,original(198)_p0.jpg,160.56941565688774,180.0,0.0,0.04456313775510204
vest,original(199)_p0.jpg,158.21898915816325,249.0,0.1594188456632653,0.18018574617346939
vest,original(2)(1)_p0.jpg,131.61100924744898,171.0,0.0,0.01588408801020408
vest,original(2)(2)_p0.jpg,176.38532366071428,221.0,0.026088169642857144,0.6056281887755102
vest,original(2)(2)_p2.jpg,98.25556042729592,221.0,0.03569435586734694,0.08478156887755102
vest,original(20)_p0.jpg,85.68291613520408,174.0,0.0010562818877551021,0.012376434948979591
vest,original(200)_p0.jpg,143.22843590561226,209.0,0.005739795918367347,0.1294842155612245
vest,original(201)_p0.jpg,141.8288424744898,213.0,0.01678093112244898,0.09978874362244898
vest,original(201)_p1.jpg,146.79998405612244,187.0,0.0,0.08523995535714286
vest,original(202)_p0.jpg,88.44278140943878,158.0,0.0016143176020408164,0.01526626275510204
vest,original(203)_p0.jpg,120.31644610969387,213.0,0.021524234693877552,0.05424904336734694
vest,original(203)_p1.jpg,172.2296516262755,232.0,0.0576171875,0.44186463647959184
vest,original(204)_p0.jpg,170.4661192602041,232.0,0.0577766262755102,0.2780213647959184
vest,original(204)_p1.jpg,142.2634725765306,231.0,0.05213647959183673,0.1533801020408163
vest,original(204)_p3.jpg,126.25593909438776,173.0,0.0036073022959183672,0.015146683673469387
vest,original(205)_p0.jpg,157.59897161989795,179.0,0.0,0.03675063775510204
vest,original(206)_p0.jpg,156.11375956632654,225.0,0.03752790178571429,0.18088329081632654
vest,original(207)_p0.jpg,78.53782684948979,143.0,0.0,0.0009964923469387755
vest,original(207)_p1.jpg,82.93580596301021,140.0,0.0,0.0006776147959183673
vest,original(207)_p2.jpg,104.45318478954081,170.0,0.0026705994897959183,0.020169005102040817
vest,original(207)_p3.jpg,109.07246492346938,165.0,0.001096141581632653,0.010642538265306123
vest,original(208)_p0.jpg,52.958087531887756,106.0,3.985969387755102e-05,0.0004384566326530612
vest,original(209)_p0.jpg,96.01309390943878,227.0,0.04282924107142857,0.04856903698979592
vest,original(209)_p1.jpg,96.93463010204081,169.0,0.00408561862244898,0.02919722576530612
vest,original(21)_p0.jpg,145.0911192602041,240.0,0.08017777423469388,0.25241151147959184
vest,original(211)_p0.jpg,158.94343909438774,232.0,0.05299346301020408,0.21159518494897958
vest,original(211)_p1.jpg,147.38504464285714,241.0,0.08057637117346939,0.15154655612244897
vest,original(211)_p2.jpg,167.71330915178572,247.0,0.1441326530612245,0.06752232142857142
vest,original(211)_p3.jpg,168.5270448022959,248.0,0.1444714604591837,0.1083984375
vest,original(211)_p4.jpg,171.71301020408163,235.0,0.062181122448979595,0.3361766581632653
vest,original(211)_p5.jpg,170.69738520408163,232.0,0.05508609693877551,0.333984375
vest,original(213)_p2.jpg,124.33525988520408,205.0,0.01207748724489796,0.13097895408163265
vest,original(214)_p0.jpg,114.22351323341837,207.0,0.011977838010204082,0.23212292729591838
vest,original(215)_p1.jpg,101.4073262117347,198.0,0.023238201530612245,0.048529177295918366
vest,original(216)_p0.jpg,58.43502869897959,172.0,0.0024115114795918366,0.0007772640306122449
vest,original(218)_p1.jpg,133.8410196109694,207.0,0.026167889030612245,0.0694156568877551
vest,original(219)_p0.jpg,106.54105548469387,216.0,0.025689572704081634,0.12258848852040816
vest,original(219)_p1.jpg,151.0078125,244.0,0.08075573979591837,0.33237005739795916
vest,original(219)_p2.jpg,154.91629464285714,246.0,0.09105947066326531,0.23533163265306123
vest,original(219)_p3.jpg,164.97010522959184,246.0,0.15106823979591838,0.43905452806122447
vest,original(219)_p4.jpg,102.18676259566327,180.0,0.003627232142857143,0.03842474489795918
vest,original(219)_p5.jpg,124.76530612244898,190.0,0.008729272959183673,0.07959980867346939
vest,original(22)_p0.jpg,141.70228794642858,249.0,0.12137276785714286,0.17067920918367346
vest,original(22)_p1.jpg,154.04402503188774,242.0,0.08795041454081633,0.19917889030612246
vest,original(22)_p2.jpg,163.8278260522959,244.0,0.11866230867346939,0.08876753826530612
vest,original(220)_p0.jpg,125.98256138392857,199.0,0.01446906887755102,0.08440290178571429
vest,original(221)_p0.jpg,92.58992346938776,218.0,0.022221779336734693,0.02911750637755102
vest,original(223)_p0.jpg,69.7798150510204,115.0,1.992984693877551e-05,0.0014947385204081632
vest,original(224)_p0.jpg,157.43536750637756,179.0,0.0,0.03653140943877551
vest,original(225)_p0.jpg,116.09074059311224,202.0,0.017279177295918366,0.12384406887755102
vest,original(225)_p1.jpg,55.87466119260204,146.0,0.009685905612244899,0.01739875637755102
vest,original(225)_p2.jpg,83.21890943877551,160.0,0.007095025510204082,0.025091677295918366
vest,original(226)_p0.jpg,99.09837372448979,177.0,0.00643734056122449,0.025251116071428572
vest,original(226)_p1.jpg,110.40776466836735,234.0,0.05723852040816327,0.04456313775510204
vest,original(226)_p2.jpg,120.44884008290816,235.0,0.06096540178571429,0.05897241709183673
vest,original(226)_p3.jpg,91.69493383290816,190.0,0.014967315051020409,0.020448022959183673
vest,original(226)_p4.jpg,82.72953204719387,164.0,0.0019331951530612245,0.007672991071428571
vest,original(226)_p5.jpg,99.88087930484694,195.0,0.014050542091836735,0.03561463647959184
vest,original(226)_p6.jpg,89.49398118622449,194.0,0.009127869897959183,0.03045280612244898
vest,original(227)_p0.jpg,61.44905931122449,132.0,0.0004185267857142857,0.006497130102040816
vest,original(227)_p1.jpg,111.5772480867347,211.0,0.017159598214285716,0.21544164540816327
vest,original(23)_p0.jpg,139.98537149234693,226.0,0.04388552295918367,0.3110849808673469
vest,original(230)_p0.jpg,128.1648796237245,222.0,0.02965561224489796,0.29846938775510207
vest,original(230)_p1.jpg,139.4513711734694,220.0,0.0303531568877551,0.35560825892857145
vest,original(231)_p0.jpg,117.1607740752551,223.0,0.0330436862244898,0.0986328125
vest,original(231)_p1.jpg,152.13773517219389,229.0,0.04643654336734694,0.26779735331632654
vest,original(232)_p0.jpg,89.42091836734694,179.0,0.005221619897959184,0.028340242346938774
vest,original(232)_p1.jpg,81.83585778061224,158.0,0.0014548788265306123,0.01136001275510204
vest,original(232)_p2.jpg,90.37117346938776,186.0,0.005879304846938775,0.01709980867346939
vest,original(233)_p0.jpg,134.7293327487245,245.0,0.11437739158163265,0.20966198979591838
vest,original(234)_p0.jpg,141.82150829081633,242.0,0.0878109056122449,0.20764907525510204
vest,original(234)_p1.jpg,140.68704161352042,228.0,0.0437858737244898,0.3362563775510204
vest,original(234)_p2.jpg,129.11892139668367,218.0,0.023377710459183673,0.32776626275510207
vest,original(235)_p0.jpg,57.99268574617347,109.0,0.00011957908163265306,0.003009406887755102
vest,original(236)_p0.jpg,127.3079759247449,181.0,0.010961415816326531,0.0341796875
vest,original(236)_p1.jpg,104.83848852040816,172.0,0.005181760204081632,0.02333785076530612
vest,original(236)_p2.jpg,117.25639748086735,156.0,0.006975446428571429,0.021763392857142856
vest,original(237)_p0.jpg,122.91796875,206.0,0.01349250637755102,0.13165656887755103
vest,original(239)_p0.jpg,143.5672831632653,228.0,0.04257015306122449,0.34530452806122447
vest,original(239)_p1.jpg,140.57732780612244,211.0,0.005042251275510204,0.40401785714285715
vest,original(240)_p0.jpg,81.79372608418367,173.0,0.004962531887755102,0.02626753826530612
vest,original(240)_p1.jpg,85.4428411989796,166.0,0.006377551020408163,0.018176020408163265
vest,original(240)_p2.jpg,106.70581552933673,185.0,0.00972576530612245,0.049485809948979595
vest,original(241)_p0.jpg,119.52704480229592,211.0,0.016741071428571428,0.13626036352040816
vest,original(241)_p1.jpg,107.79878826530613,238.0,0.06267936862244898,0.04352678571428571
vest,original(241)_p2.jpg,144.54247050382654,202.0,0.01287468112244898,0.05905213647959184
vest,original(243)_p2.jpg,123.58683434311224,211.0,0.020886479591836735,0.25338807397959184
vest,original(243)_p3.jpg,90.71970663265306,206.0,0.012814891581632654,0.12089445153061225
vest,original(244)_p0.jpg,172.03671077806123,252.0,0.12727200255102042,0.4478037308673469
vest,original(245)_p0.jpg,111.07198660714286,205.0,0.013751594387755101,0.08639588647959184
vest,original(245)_p1.jpg,158.45186941964286,225.0,0.040736607142857144,0.18556680484693877
vest,original(245)_p2.jpg,132.39233896683675,236.0,0.06365593112244898,0.0674625318877551
vest,original(246)_p1.jpg,102.11963887117346,154.0,0.001096141581632653,0.018514827806122448
vest,original(247)_p1.jpg,174.1480787627551,242.0,0.07439811862244898,0.3198740433673469
vest,original(248)_p0.jpg,87.46462452168367,178.0,0.006776147959183673,0.030970982142857144
vest,original(249)_p0.jpg,111.81863839285714,191.0,0.0045041454081632655,0.02333785076530612
vest,original(249)_p1.jpg,143.20304528061226,228.0,0.044842155612244895,0.13430723852040816
vest,original(249)_p3.jpg,113.10188137755102,207.0,0.023676658163265307,0.06098533163265306
vest,original(25)_p0.jpg,88.2616191007653,202.0,0.017956792091836735,0.05532525510204082
vest,original(250)_p0.jpg,113.22379225127551,229.0,0.04838966836734694,0.12761080994897958
vest,original(251)_p0.jpg,111.18229830994898,159.0,0.002730389030612245,0.005839445153061225
vest,original(251)_p1.jpg,93.83181202168367,140.0,0.0,0.0015345982142857143
vest,original(251)_p2.jpg,83.76462850765306,134.0,0.0,0.0018933354591836734
vest,original(251)_p3.jpg,74.66531808035714,140.0,0.0,0.0045639349489795915
vest,original(252)_p0.jpg,161.35487085459184,184.0,0.0,0.08139349489795919
vest,original(253)_p0.jpg,145.95772879464286,239.0,0.06580835459183673,0.09337133290816327
vest,original(254)_p0.jpg,123.15007174744898,230.0,0.04848931760204082,0.19684709821428573
vest,original(256)_p0.jpg,148.1865234375,231.0,0.051458864795918366,0.49679129464285715
vest,original(256)_p1.jpg,105.01841517857143,225.0,0.04201211734693878,0.09404894770408163
vest,original(256)_p2.jpg,158.90963807397958,248.0,0.18767936862244897,0.2766262755102041
vest,original(257)_p0.jpg,118.20318478954081,189.0,0.0038464604591836736,0.06945551658163265
vest,original(257)_p1.jpg,122.99348294005102,213.0,0.02170360331632653,0.16599569515306123
vest,original(258)_p0.jpg,85.73463408801021,181.0,0.017877072704081634,0.04468271683673469
vest,original(259)_p0.jpg,85.90176578443878,181.0,0.005341198979591837,0.03198740433673469
vest,original(259)_p1.jpg,85.69072863520408,161.0,0.0006178252551020409,0.008370535714285714
vest,original(259)_p2.jpg,94.01953125,190.0,0.007174744897959184,0.024294483418367346
vest,original(259)_p3.jpg,113.09064094387755,217.0,0.028300382653061226,0.04954559948979592
vest,original(259)_p4.jpg,84.2357102997449,188.0,0.012396364795918368,0.02224170918367347
vest,original(259)_p5.jpg,55.138452646683675,155.0,0.00047831632653061223,0.00661670918367347
vest,original(26)_p0.jpg,97.35106425382654,211.0,0.02130500637755102,0.07860331632653061
vest,original(260)_p0.jpg,72.97016501913265,101.0,0.0002192283163265306,0.001992984693877551
vest,original(261)_p0.jpg,137.51941167091837,206.0,0.014150191326530613,0.2155811543367347
vest,original(261)_p1.jpg,93.78583386479592,196.0,0.026327327806122448,0.07623166454081633
vest,original(262)_p0.jpg,113.66035554846938,167.0,0.009486607142857142,0.033083545918367346
vest,original(262)_p1.jpg,110.3050462372449,167.0,0.002032844387755102,0.013014190051020409
vest,original(266)_p1.jpg,93.82491629464286,180.0,0.0036073022959183672,0.025988520408163265
vest,original(267)_p0.jpg,120.28234614158163,187.0,0.008908641581632654,0.027184311224489797
vest,original(268)_p0.jpg,115.73812181122449,238.0,0.0654296875,0.18833705357142858
vest,original(269)_p0.jpg,114.1509088010204,162.0,0.016800860969387755,0.02792171556122449
vest,original(269)_p1.jpg,109.15870137117346,166.0,0.0029097576530612247,0.01211734693877551
vest,original(27)_p0.jpg,99.66998166454081,209.0,0.025988520408163265,0.0653499681122449
vest,original(270)_p0.jpg,128.4451530612245,224.0,0.04177295918367347,0.06993383290816327
vest,original(271)_p0.jpg,182.9327766262755,225.0,0.029416454081632654,0.23987563775510204
vest,original(273)_p1.jpg,143.9343710140306,231.0,0.05161830357142857,0.44614955357142855
vest,original(274)_p0.jpg,140.24047353316325,217.0,0.026426977040816327,0.29067681760204084
vest,original(275)_p0.jpg,110.83446269132654,227.0,0.048329878826530615,0.064453125
vest,original(275)_p1.jpg,81.59121890943878,139.0,0.0029894770408163264,0.010582748724489796
vest,original(276)_p0.jpg,167.37302694515307,190.0,0.0,0.1253388073979592
vest,original(277)_p1.jpg,155.82473692602042,248.0,0.0983139349489796,0.20958227040816327
vest,original(278)_p0.jpg,116.99637276785714,228.0,0.041135204081632654,0.11814413265306123
vest,original(28)(1)_p1.jpg,83.1733697385204,149.0,0.0,0.0005381058673469387
vest,original(280)_p0.jpg,133.5051817602041,225.0,0.038205516581632654,0.17069913903061223
vest,original(280)_p1.jpg,131.76636240433675,193.0,0.004324776785714286,0.08537946428571429
vest,original(281)_p0.jpg,171.8587571747449,230.0,0.04829001913265306,0.5284598214285714
vest,original(281)_p1.jpg,189.0935905612245,237.0,0.08484135841836735,0.6278101084183674
vest,original(282)_p0.jpg,101.79288903061224,166.0,0.028619260204081634,0.0398796237244898
vest,original(283)_p0.jpg,124.4022441007653,252.0,0.09632095025510204,0.21400669642857142
vest,original(285)_p0.jpg,131.6950135522959,231.0,0.050701530612244895,0.08579799107142858
vest,original(286)_p0.jpg,59.392259247448976,176.0,0.006297831632653061,0.010243941326530613
vest,original(286)_p1.jpg,149.2976522640306,214.0,0.02756297831632653,0.1742267219387755
vest,original(287)_p0.jpg,171.81238042091837,232.0,0.06192203443877551,0.6223692602040817
vest,original(288)_p0.jpg,128.40108816964286,214.0,0.027144451530612245,0.19196428571428573
vest,original(289)_p0.jpg,77.15218431122449,178.0,0.02002949617346939,0.039560746173469385
vest,original(29)_p0.jpg,120.6127630739796,184.0,0.0003786670918367347,0.055763711734693876
vest,original(29)_p2.jpg,83.83330676020408,166.0,0.0,0.0264469068877551
vest,original(290)_p1.jpg,117.62027662627551,200.0,0.008450255102040817,0.04886798469387755
vest,original(291)_p0.jpg,80.10004783163265,164.0,0.0036870216836734694,0.011200573979591837
vest,original(291)_p1.jpg,100.30502630739795,166.0,0.0013352997448979591,0.014349489795918368
vest,original(293)_p0.jpg,92.71687659438776,142.0,0.004444355867346939,0.009287308673469387
vest,original(294)_p1.jpg,158.36643016581633,249.0,0.10528938137755102,0.24956154336734693
vest,original(295)_p0.jpg,115.19897959183673,211.0,0.0225406568877551,0.25448421556122447
vest,original(295)_p1.jpg,109.33924585459184,212.0,0.024972098214285716,0.22606425382653061
vest,original(297)_p0.jpg,92.35142299107143,191.0,0.018594547193877552,0.03617267219387755
vest,original(297)_p1.jpg,115.66065449617346,202.0,0.014748086734693877,0.0731624681122449
vest,original(298)_p0.jpg,158.19848134566325,222.0,0.03535554846938776,0.5677016900510204
vest,original(298)_p2.jpg,147.3923788265306,252.0,0.1337890625,0.10329639668367346
vest,original(298)_p3.jpg,129.0430285395408,237.0,0.06060666454081633,0.2137874681122449
vest,original(298)_p4.jpg,162.43494897959184,241.0,0.09847337372448979,0.4363639987244898
vest,original(299)_p0.jpg,111.92528300382654,166.0,0.004524075255102041,0.022082270408163265
vest,original(3)(1)_p0.jpg,132.30331234056123,192.0,0.0005381058673469387,0.04057716836734694
vest,original(3)(2)_p1.jpg,82.45948262117346,143.0,7.971938775510203e-05,0.007752710459183673
vest,original(3)_p1.jpg,87.15583147321429,238.0,0.06698421556122448,0.039720184948979595
vest,original(30)_p0.jpg,173.91262755102042,247.0,0.16619499362244897,0.2140266262755102
vest,original(300)_p0.jpg,139.01935188137756,214.0,0.018116230867346938,0.08396444515306123
vest,original(300)_p1.jpg,145.9540417729592,182.0,0.0,0.05895248724489796
vest,original(301)_p0.jpg,149.97273596938774,204.0,0.0016741071428571428,0.051638233418367346
vest,original(302)_p0.jpg,144.88299186862244,203.0,0.021105707908163265,0.05540497448979592
vest,original(303)_p0.jpg,126.82772640306122,186.0,0.00011957908163265306,0.042271205357142856
vest,original(304)_p0.jpg,142.4335339604592,221.0,0.017159598214285716,0.08956473214285714
vest,original(304)_p1.jpg,148.33005819515307,197.0,0.00023915816326530612,0.09883211096938775
vest,original(305)_p0.jpg,128.00679607780611,197.0,0.009466677295918368,0.03981983418367347
vest,original(306)_p0.jpg,148.09640066964286,187.0,0.0,0.07409917091836735
vest,original(307)_p0.jpg,144.83412388392858,208.0,0.02610809948979592,0.05787627551020408
vest,original(308)_p0.jpg,138.8358777104592,203.0,0.00235172193877551,0.05646125637755102
vest,original(31)(1)_p0.jpg,148.22957190688774,219.0,0.04027822066326531,0.07162786989795919
vest,original(31)(1)_p1.jpg,143.83061623086735,200.0,0.02108577806122449,0.10200095663265306
vest,original(311)_p0.jpg,141.44549186862244,201.0,0.009028220663265306,0.09219547193877552
vest,original(311)_p1.jpg,136.97191884566325,154.0,0.0,0.0024713010204081634
vest,original(314)_p1.jpg,92.37264827806122,223.0,0.033322704081632654,0.07870296556122448
vest,original(315)_p0.jpg,107.72935267857143,192.0,0.01153938137755102,0.014150191326530613
vest,original(315)_p1.jpg,122.2944036989796,218.0,0.029715401785714284,0.057298309948979595
vest,original(316)_p0.jpg,131.82445790816325,200.0,0.00860969387755102,0.3530173788265306
vest,original(317)_p0.jpg,132.11690848214286,233.0,0.057118941326530615,0.13584183673469388
vest,original(317)_p1.jpg,158.29783163265307,234.0,0.06307796556122448,0.21564094387755103
vest,original(318)_p0.jpg,167.95669244260205,236.0,0.10744180484693877,0.0224609375
vest,original(318)_p1.jpg,144.5782246492347,204.0,0.004902742346938775,0.047373246173469385
vest,original(32)(1)_p0.jpg,137.70649314413265,207.0,0.0003587372448979592,0.014269770408163265
vest,original(32)(1)_p1.jpg,150.89594626913265,184.0,1.992984693877551e-05,0.0022122130102040817
vest,original(32)_p1.jpg,158.82954001913265,237.0,0.0755141900510204,0.14863679846938777
vest,original(32)_p2.jpg,155.0296556122449,237.0,0.07688934948979592,0.20031489158163265
vest,original(320)_p0.jpg,101.88962850765306,197.0,0.011698820153061224,0.07338169642857142
vest,original(320)_p1.jpg,103.7758490114796,204.0,0.014389349489795918,0.11676897321428571
vest,original(322)_p0.jpg,161.07615194515307,238.0,0.06676498724489796,0.17703683035714285
vest,original(322)_p1.jpg,152.09753667091837,250.0,0.14000717474489796,0.07061144770408163
vest,original(322)_p2.jpg,106.51478794642857,214.0,0.01921237244897959,0.030911192602040817
vest,original(323)_p3.jpg,165.27002949617346,255.0,0.14538823341836735,0.29697464923469385
vest,original(325)_p0.jpg,134.2566366390306,231.0,0.05117984693877551,0.18917410714285715
vest,original(326)_p0.jpg,138.56397480867346,240.0,0.08410395408163265,0.16005660076530612
vest,original(326)_p1.jpg,111.53651147959184,221.0,0.03932158801020408,0.04147401147959184
vest,original(327)_p0.jpg,126.24101163903062,214.0,0.02393574617346939,0.171875
vest,original(328)_p0.jpg,125.97700095663265,213.0,0.021205357142857144,0.07087053571428571
vest,original(328)_p1.jpg,147.0904615752551,216.0,0.023596938775510203,0.08392458545918367
vest,original(328)_p2.jpg,141.84458705357142,209.0,0.01428970025510204,0.08928571428571429
vest,original(328)_p3.jpg,128.19587053571428,210.0,0.02405532525510204,0.06076610331632653
vest,original(328)_p4.jpg,119.58308753188776,191.0,0.011579241071428572,0.036013233418367346
vest,original(328)_p5.jpg,143.81379544005102,234.0,0.06112484056122449,0.14532844387755103
vest,original(329)_p0.jpg,120.57126913265306,192.0,0.0071548150510204085,0.06740274234693877
vest,original(330)_p0.jpg,160.81267936862244,249.0,0.12834821428571427,0.20071348852040816
vest,original(330)_p1.jpg,145.39421237244898,241.0,0.08023756377551021,0.18092315051020408
vest,original(330)_p2.jpg,181.46167490433675,243.0,0.11756616709183673,0.45994100765306123
vest,original(331)_p0.jpg,111.13767538265306,196.0,0.012914540816326531,0.03966039540816327
vest,original(331)_p1.jpg,156.5631178252551,242.0,0.0995296556122449,0.20627391581632654
vest,original(332)_p0.jpg,100.5550462372449,217.0,0.027224170918367346,0.1171077806122449
vest,original(332)_p1.jpg,89.57501594387755,197.0,0.0126953125,0.07659040178571429
vest,original(333)_p0.jpg,154.04350685586735,224.0,0.03770727040816327,0.28182796556122447
vest,original(333)_p1.jpg,120.71586017219387,219.0,0.027722417091836735,0.03128985969387755
vest,original(334)_p0.jpg,113.73973612882654,234.0,0.07043207908163265,0.14921476403061223
vest,original(335)_p0.jpg,171.16248804209184,242.0,0.1374561543367347,0.3729272959183674
vest,original(335)_p1.jpg,178.29149394132654,247.0,0.16338488520408162,0.3204719387755102
vest,original(335)_p2.jpg,174.17195471938774,248.0,0.1427375637755102,0.25719467474489793
vest,original(335)_p3.jpg,155.6686862244898,239.0,0.08529974489795919,0.29651626275510207
vest,original(337)_p0.jpg,102.0723652742347,203.0,0.010443239795918368,0.06303810586734694
vest,original(337)_p1.jpg,116.29783163265306,229.0,0.04583864795918367,0.17817283163265307
vest,original(337)_p2.jpg,138.14680325255102,219.0,0.02979512117346939,0.3563257334183674
vest,original(337)_p4.jpg,126.86748644770408,219.0,0.02489237882653061,0.06997369260204081
vest,original(338)_p0.jpg,121.3544921875,187.0,0.0064572704081632655,0.030074139030612245
vest,original(338)_p1.jpg,125.1967474489796,191.0,0.009685905612244899,0.039182079081632654
vest,original(338)_p2.jpg,126.67117745535714,193.0,0.006915656887755102,0.03256536989795918
vest,original(338)_p3.jpg,149.5110012755102,228.0,0.042889030612244895,0.18708147321428573
vest,original(339)_p0.jpg,152.53575414540816,250.0,0.14989237882653061,0.0826889349489796
vest,original(339)_p1.jpg,135.56012834821428,250.0,0.09634088010204081,0.09414859693877552
vest,original(340)_p0.jpg,128.31985411352042,230.0,0.048728475765306124,0.16282684948979592
vest,original(340)_p1.jpg,163.8280253507653,231.0,0.05139907525510204,0.45396205357142855
vest,original(341)_p0.jpg,119.41276705994898,228.0,0.043247767857142856,0.0059590242346938774
vest,original(342)_p0.jpg,182.5781847895408,253.0,0.2386200573979592,0.17745535714285715
vest,original(342)_p1.jpg,129.05313297193877,233.0,0.05970982142857143,0.23863998724489796
vest,original(342)_p2.jpg,142.65481505102042,235.0,0.06130420918367347,0.028519610969387755
vest,original(342)_p3.jpg,150.5187539859694,247.0,0.12099410076530612,0.06650589923469388
vest,original(344)_p0.jpg,138.95396205357142,227.0,0.0428093112244898,0.14714205994897958
vest,original(344)_p1.jpg,160.48762356505102,236.0,0.06451291454081633,0.12228954081632654
vest,original(344)_p2.jpg,151.87970344387756,245.0,0.0882095025510204,0.1517059948979592
vest,original(344)_p3.jpg,134.88602120535714,236.0,0.06720344387755102,0.18056441326530612
vest,original(345)_p0.jpg,160.17235331632654,245.0,0.10614636479591837,0.2106983418367347
vest,original(345)_p1.jpg,156.48449457908163,245.0,0.15953842474489796,0.3270288584183674
vest,original(345)_p2.jpg,177.63863201530611,248.0,0.1621890943877551,0.3065609056122449
vest,original(345)_p3.jpg,159.32858338647958,231.0,0.05259486607142857,0.35867745535714285
vest,original(346)_p0.jpg,117.88149713010205,212.0,0.01588408801020408,0.13799426020408162
vest,original(346)_p1.jpg,110.07168765943878,213.0,0.01971061862244898,0.09813456632653061
vest,original(347)_p0.jpg,138.02297911352042,197.0,0.014130261479591837,0.05895248724489796
vest,original(347)_p1.jpg,132.89022640306123,229.0,0.04516103316326531,0.11967873086734694
vest,original(347)_p2.jpg,156.9903938137755,232.0,0.054408482142857144,0.2440609056122449
vest,original(347)_p3.jpg,151.58679448341837,222.0,0.020089285714285716,0.20537707270408162
vest,original(347)_p4.jpg,151.02120535714286,217.0,0.01407047193877551,0.33181202168367346
vest,original(347)_p5.jpg,160.66501913265307,221.0,0.027881855867346938,0.2942442602040816
vest,original(347)_p6.jpg,147.51179846938774,214.0,0.018116230867346938,0.28493702168367346
vest,original(347)_p7.jpg,152.85024713010205,226.0,0.03804607780612245,0.216796875
vest,original(349)_p0.jpg,129.9739317602041,205.0,0.0165218431122449,0.05058195153061224
vest,original(349)_p1.jpg,116.74810666454081,193.0,0.006218112244897959,0.0353156887755102
vest,original(349)_p2.jpg,131.86485570790816,193.0,0.01167889030612245,0.04896763392857143
vest,original(349)_p3.jpg,121.1947943239796,190.0,0.00408561862244898,0.031349649234693876
vest,original(349)_p4.jpg,128.62890625,217.0,0.02477279974489796,0.0849609375
vest,original(349)_p5.jpg,169.15832270408163,237.0,0.08392458545918367,0.35463169642857145
vest,original(349)_p6.jpg,161.7145448022959,217.0,0.025550063775510203,0.2693718112244898
vest,original(349)_p7.jpg,138.65328045280611,217.0,0.01988998724489796,0.12388392857142858
vest,original(349)_p8.jpg,151.80331234056123,216.0,0.018315529336734693,0.19270169005102042
vest,original(35)_p0.jpg,120.08679448341837,244.0,0.0797592474489796,0.18176020408163265
vest,original(350)_p0.jpg,136.68993144132654,240.0,0.08065609056122448,0.1494140625
vest,original(351)_p0.jpg,150.1208944515306,236.0,0.05917171556122449,0.27162388392857145
vest,original(351)_p1.jpg,169.33647560586735,244.0,0.10106425382653061,0.2759287308673469
vest,original(351)_p2.jpg,177.8942323022959,254.0,0.22311463647959184,0.3669483418367347
vest,original(351)_p3.jpg,161.47961176658163,235.0,0.062400350765306124,0.26297433035714285
vest,original(351)_p4.jpg,176.93989158163265,254.0,0.20159040178571427,0.277523118622449
vest,original(352)_p1.jpg,121.29609773596938,182.0,0.0027503188775510204,0.03421954719387755
vest,original(353)_p0.jpg,97.67600047831633,157.0,0.0001793686224489796,0.006297831632653061
vest,original(355)_p0.jpg,124.67390784438776,234.0,0.057696906887755105,0.13050063775510204
vest,original(357)_p0.jpg,97.04061702806122,188.0,0.004404496173469388,0.05000398596938776
vest,original(358)_p0.jpg,143.1761399872449,220.0,0.026965082908163265,0.3090720663265306
vest,original(358)_p1.jpg,94.94377790178571,205.0,0.022979113520408163,0.05084103954081633
vest,original(36)_p0.jpg,108.62812898596938,228.0,0.045599489795918366,0.06076610331632653
vest,original(36)_p1.jpg,104.72953204719387,173.0,0.0006975446428571429,0.033123405612244895
vest,original(361)_p0.jpg,144.3044284119898,253.0,0.1475406568877551,0.04825015943877551
vest,original(362)_p0.jpg,145.46755420918367,229.0,0.046177455357142856,0.26193797831632654
vest,original(363)_p0.jpg,163.0734414859694,232.0,0.05247528698979592,0.38442681760204084
vest,original(363)_p1.jpg,126.22014508928571,210.0,0.015465561224489796,0.13237404336734693
vest,original(364)_p0.jpg,69.84512515943878,107.0,0.0,0.00029894770408163266
vest,original(367)_p0.jpg,179.06046715561226,247.0,0.10614636479591837,0.30227598852040816
vest,original(368)_p0.jpg,151.9904934630102,239.0,0.06700414540816327,0.2998844068877551
vest,original(369)_p0.jpg,114.05558434311224,189.0,0.006417410714285714,0.06517059948979592
vest,original(37)(1)_p0.jpg,93.8963847257653,170.0,0.00705516581632653,0.01895328443877551
vest,original(370)_p0.jpg,154.45149075255102,218.0,0.0243343431122449,0.4087611607142857
vest,original(370)_p1.jpg,159.89895567602042,228.0,0.04047751913265306,0.321109693877551
vest,original(370)_p2.jpg,140.22219786352042,219.0,0.025370695153061226,0.17075892857142858
vest,original(370)_p3.jpg,154.87051578443877,249.0,0.18684231505102042,0.22995057397959184
vest,original(371)_p0.jpg,129.40144690688774,244.0,0.08737244897959184,0.15049027423469388
vest,original(372)_p1.jpg,111.80036272321429,217.0,0.03099091198979592,0.08956473214285714
vest,original(378)_p0.jpg,113.13715720663265,165.0,0.0,0.0018734056122448979
vest,original(378)_p1.jpg,111.97423070790816,167.0,0.004444355867346939,0.017438616071428572
vest,original(38)(1)_p0.jpg,99.0562818877551,182.0,0.0037667410714285715,0.05279416454081633
vest,original(38)(1)_p1.jpg,136.56477200255102,196.0,0.006975446428571429,0.13450653698979592
vest,original(38)(1)_p2.jpg,154.9219347895408,231.0,0.050900829081632654,0.40499441964285715
vest,original(38)_p0.jpg,141.14933434311226,247.0,0.08609693877551021,0.10303730867346939
vest,original(381)_p1.jpg,135.1837531887755,245.0,0.06411431760204081,0.1990593112244898
vest,original(383)_p0.jpg,160.6952527104592,251.0,0.2577327806122449,0.43568638392857145
vest,original(387)_p0.jpg,138.56538982780611,227.0,0.04296875,0.2284359056122449
vest,original(39)(1)_p0.jpg,154.60108418367346,212.0,0.01971061862244898,0.11639030612244898
vest,original(39)(1)_p1.jpg,167.63145727040816,231.0,0.05307318239795918,0.22229751275510204
vest,original(391)_p0.jpg,114.15200494260205,198.0,0.008569834183673469,0.2059749681122449
vest,original(392)_p0.jpg,103.31375558035714,154.0,0.0002192283163265306,0.0015545280612244898
vest,original(392)_p1.jpg,113.0103834502551,166.0,0.0048828125,0.018973214285714284
vest,original(393)_p0.jpg,130.48579001913265,240.0,0.08149314413265306,0.1035953443877551
vest,original(395)_p0.jpg,127.0372090242347,186.0,0.01504703443877551,0.06859853316326531
vest,original(396)_p0.jpg,110.32854352678571,189.0,0.008928571428571428,0.06841916454081633
vest,original(396)_p1.jpg,116.37167171556122,208.0,0.01634247448979592,0.10182158801020408
vest,original(396)_p2.jpg,92.61306202168367,212.0,0.02126514668367347,0.08844866071428571
vest,original(397)_p1.jpg,103.46426578443878,227.0,0.044822225765306124,0.02991470025510204
vest,original(397)_p2.jpg,79.5126953125,214.0,0.03164859693877551,0.01544563137755102
vest,original(398)_p0.jpg,107.31694435586735,163.0,0.001136001275510204,0.004743303571428571
vest,original(398)_p1.jpg,101.05213647959184,174.0,0.0003786670918367347,0.007294323979591837
vest,original(4)(1)_p0.jpg,139.45884486607142,185.0,0.0011160714285714285,0.02570950255102041
vest,original(4)(2)_p0.jpg,138.31497130102042,185.0,0.00350765306122449,0.03196747448979592
vest,original(4)_p1.jpg,95.28296396683673,187.0,0.032346141581632654,0.05568399234693878
vest,original(40)_p0.jpg,156.08986367984693,239.0,0.07274394132653061,0.07172751913265306
vest,original(40)_p1.jpg,139.02572943239795,227.0,0.04358657525510204,0.13823341836734693
vest,original(400)_p0.jpg,148.66609534438774,196.0,0.00023915816326530612,0.0791015625
vest,original(401)_p0.jpg,137.2999043367347,198.0,0.010144292091836735,0.08147321428571429
vest,original(402)_p0.jpg,149.78555484693877,208.0,0.011858258928571428,0.11007254464285714
vest,original(403)_p0.jpg,144.78354193239795,187.0,1.992984693877551e-05,0.07294323979591837
vest,original(403)_p1.jpg,147.81818000637756,185.0,0.0,0.07955994897959184
vest,original(404)_p0.jpg,146.0636758609694,228.0,0.04428411989795918,0.05032286352040816
vest,original(406)_p0.jpg,138.92247289540816,237.0,0.06855867346938775,0.10337611607142858
vest,original(406)_p1.jpg,173.9169921875,248.0,0.14622528698979592,0.2525111607142857
vest,original(406)_p2.jpg,164.25627790178572,242.0,0.10000797193877552,0.28983976403061223
vest,original(406)_p3.jpg,178.3526985012755,249.0,0.15896045918367346,0.33376514668367346
vest,original(41)_p1.jpg,120.63267299107143,219.0,0.012456154336734694,0.20717075892857142
vest,original(410)_p0.jpg,135.91543765943877,200.0,0.014329559948979591,0.05935108418367347
vest,original(410)_p1.jpg,115.6440728635204,229.0,0.04711415816326531,0.10461176658163265
vest,original(410)_p2.jpg,139.95115194515307,220.0,0.02517139668367347,0.20258689413265307
vest,original(410)_p3.jpg,158.1953722895408,226.0,0.03655133928571429,0.2385204081632653
vest,original(410)_p4.jpg,145.8917012117347,212.0,0.017598054846938774,0.17542251275510204
vest,original(410)_p5.jpg,134.65104830994898,210.0,0.016402264030612245,0.11190609056122448
vest,original(410)_p6.jpg,136.40513392857142,206.0,0.006297831632653061,0.2316844706632653
vest,original(410)_p7.jpg,158.00757334183675,223.0,0.03744818239795918,0.18999123086734693
vest,original(410)_p8.jpg,154.20802774234693,222.0,0.03125,0.21791294642857142
vest,original(411)_p0.jpg,153.44539221938774,252.0,0.1788703762755102,0.10883689413265306
vest,original(411)_p1.jpg,102.08181202168367,213.0,0.01136001275510204,0.02272002551020408
vest,original(411)_p2.jpg,126.11017219387755,209.0,0.0077128507653061226,0.08276865433673469
vest,original(412)_p0.jpg,144.76339285714286,206.0,0.016163105867346938,0.12113360969387756
vest,original(412)_p1.jpg,155.58129384566325,222.0,0.03571428571428571,0.10893654336734694
vest,original(412)_p2.jpg,156.46560108418367,242.0,0.07611208545918367,0.2692721619897959
vest,original(412)_p3.jpg,145.6477200255102,236.0,0.06686463647959184,0.16850685586734693
vest,original(412)_p4.jpg,149.22983099489795,233.0,0.056959502551020405,0.1752032844387755
vest,original(413)_p0.jpg,104.52509167729592,210.0,0.0282405931122449,0.058314732142857144
vest,original(413)_p1.jpg,130.49168925382654,246.0,0.12059550382653061,0.15774473852040816
vest,original(413)_p2.jpg,92.23816167091837,226.0,0.04593829719387755,0.06395487882653061
vest,original(414)_p0.jpg,91.87721221301021,162.0,0.0010562818877551021,0.005899234693877551
vest,original(415)_p0.jpg,140.43644371811226,228.0,0.04290896045918367,0.3303970025510204
vest,original(417)_p0.jpg,166.33607700892858,243.0,0.12023676658163265,0.3217873086734694
vest,original(418)_p0.jpg,109.06365593112245,217.0,0.03469786352040816,0.08322704081632654
vest,original(419)_p0.jpg,163.45846619897958,248.0,0.13821348852040816,0.25143494897959184
vest,original(42)_p0.jpg,154.4694674744898,254.0,0.15523357780612246,0.1608936543367347
vest,original(421)_p0.jpg,171.47905373086735,227.0,0.041095344387755105,0.45234773596938777
vest,original(421)_p1.jpg,162.11290258290816,218.0,0.01815609056122449,0.5488480548469388
vest,original(424)_p1.jpg,157.27008928571428,253.0,0.14969308035714285,0.32692920918367346
vest,original(425)_p1.jpg,126.17287149234694,249.0,0.10226004464285714,0.13233418367346939
vest,original(426)_p0.jpg,96.93494897959184,158.0,0.0009964923469387755,0.006696428571428571
vest,original(427)_p0.jpg,69.70123166454081,105.0,5.978954081632653e-05,0.0006576849489795918
vest,original(427)_p1.jpg,103.23584980867346,178.0,0.0011160714285714285,0.039959343112244895
vest,original(428)_p0.jpg,99.13881138392857,161.0,0.0034080038265306123,0.023158482142857144
vest,original(429)_p0.jpg,161.64399314413265,238.0,0.07862324617346939,0.3721301020408163
vest,original(43)(1)_p0.jpg,112.09378985969387,233.0,0.05508609693877551,0.05951052295918367
vest,original(43)(1)_p1.jpg,102.90529336734694,210.0,0.01411033163265306,0.09133848852040816
vest,original(43)(1)_p3.jpg,121.97907366071429,239.0,0.0780452806122449,0.0989516900510204
vest,original(43)_p0.jpg,119.04300860969387,235.0,0.060825892857142856,0.12864716198979592
vest,original(430)_p0.jpg,182.7443997130102,247.0,0.16456074617346939,0.4269172512755102
vest,original(430)_p1.jpg,135.22036431760205,229.0,0.0418327487244898,0.28475765306122447
vest,original(432)_p0.jpg,102.9794921875,200.0,0.022261639030612245,0.06092554209183673
vest,original(433)_p0.jpg,56.5822903380102,155.0,0.0062380420918367345,0.02126514668367347
vest,original(433)_p1.jpg,79.86387914540816,228.0,0.04683514030612245,0.08545918367346939
vest,original(433)_p2.jpg,118.60072544642857,187.0,0.007513552295918368,0.05044244260204082
vest,original(434)_p1.jpg,97.51153938137755,156.0,0.002331792091836735,0.010622608418367346
vest,original(434)_p2.jpg,165.09777582908163,230.0,0.0476921237244898,0.3436702806122449
vest,original(436)_p0.jpg,89.59988839285714,146.0,0.0011559311224489796,0.016262755102040817
vest,original(437)_p0.jpg,101.02812101403062,211.0,0.03246572066326531,0.07180723852040816
vest,original(438)_p0.jpg,165.18301578443877,239.0,0.0996890943877551,0.34640066964285715
vest,original(438)_p1.jpg,131.98742426658163,223.0,0.035036670918367346,0.22080277423469388
vest,original(438)_p4.jpg,120.92992665816327,238.0,0.060227997448979595,0.12585698341836735
vest,original(439)_p0.jpg,80.68853635204081,162.0,0.0033482142857142855,0.028081154336734693
vest,original(440)_p0.jpg,156.28868383290816,235.0,0.061842315051020405,0.30161830357142855
vest,original(440)_p1.jpg,149.51086176658163,210.0,0.008988360969387755,0.1561902104591837
vest,original(444)_p0.jpg,87.88825334821429,140.0,0.0004384566326530612,0.01735889668367347
vest,original(444)_p1.jpg,76.05841438137755,141.0,0.0004982461734693878,0.0040058992346938774
vest,original(445)_p0.jpg,113.91324537627551,229.0,0.047771843112244895,0.23531170280612246
vest,original(446)_p0.jpg,70.50390625,161.0,0.005660076530612245,0.01500717474489796
vest,original(446)_p1.jpg,94.80137914540816,189.0,0.006536989795918368,0.10072544642857142
vest,original(448)_p0.jpg,61.434590242346935,114.0,0.015904017857142856,0.018355389030612245
vest,original(449)_p0.jpg,107.90521364795919,177.0,0.0028300382653061226,0.04177295918367347
vest,original(451)_p2.jpg,51.014329559948976,123.0,0.0,0.00033880739795918367
vest,original(452)_p0.jpg,148.72307477678572,221.0,0.03748804209183673,0.06714365433673469
vest,original(454)_p0.jpg,166.72580516581633,181.0,0.0,0.051279496173469385
vest,original(454)_p1.jpg,150.3936543367347,168.0,0.0,0.0015146683673469387
vest,original(456)_p0.jpg,142.64528858418367,238.0,0.10528938137755102,0.30801578443877553
vest,original(457)_p1.jpg,144.16916454081633,243.0,0.08591757015306123,0.20364317602040816
vest,original(457)_p3.jpg,147.54653619260205,254.0,0.14825813137755103,0.0293765943877551
vest,original(458)_p0.jpg,121.57238520408163,211.0,0.01985012755102041,0.29005899234693877
vest,original(459)_p0.jpg,96.36951929209184,223.0,0.03979990433673469,0.08207110969387756
vest,original(46)_p1.jpg,109.37129304846938,200.0,0.013891103316326531,0.011519451530612245
vest,original(460)_p0.jpg,101.63865194515306,150.0,0.0014349489795918368,0.005321269132653061
vest,original(461)_p1.jpg,75.31883769132654,117.0,7.971938775510203e-05,0.0017737563775510204
vest,original(462)_p0.jpg,101.46326929209184,226.0,0.03537547831632653,0.08219068877551021
vest,original(463)_p0.jpg,73.41990194515306,201.0,0.02018893494897959,0.006696428571428571
vest,original(464)_p0.jpg,109.19953762755102,203.0,0.01642219387755102,0.19575095663265307
vest,original(466)_p0.jpg,158.96039939413265,225.0,0.03768734056122449,0.3644969706632653
vest,original(467)_p0.jpg,165.47714046556123,241.0,0.099609375,0.34394929846938777
vest,original(468)_p0.jpg,137.59901147959184,221.0,0.02857940051020408,0.267578125
vest,original(469)_p1.jpg,155.3142538265306,235.0,0.06226084183673469,0.33948501275510207
vest,original(47)_p0.jpg,99.48770328443878,194.0,0.0034279336734693877,0.08655532525510204
vest,original(470)_p0.jpg,116.5316087372449,224.0,0.04095583545918367,0.08822943239795919
vest,original(471)_p0.jpg,95.27680564413265,138.0,0.0007772640306122449,0.0022122130102040817
vest,original(471)_p1.jpg,104.73126594387755,172.0,0.018674266581632654,0.028439891581632654
vest,original(472)_p0.jpg,148.94393734056123,230.0,0.049505739795918366,0.41591597576530615
vest,original(472)_p1.jpg,169.42621970663265,245.0,0.1397281568877551,0.30552455357142855
vest,original(472)_p2.jpg,150.72767857142858,252.0,0.12922512755102042,0.20569595025510204
vest,original(473)_p0.jpg,84.2139668367347,119.0,0.0,0.0
vest,original(478)_p0.jpg,123.35929528061224,185.0,0.0038066007653061226,0.046396683673469385
vest,original(48)_p1.jpg,82.97355309311224,172.0,0.014568718112244899,0.04141422193877551
vest,original(49)(1)_p0.jpg,166.38725685586735,214.0,0.021942761479591837,0.4352877869897959
vest,original(49)(1)_p1.jpg,176.67263233418367,248.0,0.10060586734693877,0.16426179846938777
vest,original(49)(1)_p2.jpg,146.43865593112244,245.0,0.09526466836734694,0.059849330357142856
vest,original(49)(1)_p3.jpg,101.00571986607143,209.0,0.016003667091836735,0.026785714285714284
vest,original(49)_p0.jpg,99.74435985331633,199.0,0.007553411989795918,0.07643096301020408
vest,original(5)(1)_p0.jpg,152.95735012755102,198.0,0.0005181760204081633,0.16035554846938777
vest,original(5)_p0.jpg,132.08278858418367,247.0,0.11411830357142858,0.25027901785714285
vest,original(50)_p0.jpg,95.43361367984694,178.0,0.0059590242346938774,0.04494180484693878
vest,original(51)(1)_p0.jpg,118.09305245535714,178.0,0.0069355867346938774,0.014628507653061224
vest,original(51)(1)_p1.jpg,134.9147401147959,213.0,0.022301498724489797,0.07694913903061225
vest,original(51)(1)_p2.jpg,126.66926419005102,198.0,0.009984853316326531,0.07196667729591837
vest,original(52)_p0.jpg,134.88986766581633,239.0,0.07352120535714286,0.05211654974489796
vest,original(53)_p0.jpg,156.56295838647958,229.0,0.04647640306122449,0.32734773596938777
vest,original(53)_p1.jpg,124.54731345663265,208.0,0.01953125,0.18174027423469388
vest,original(53)_p2.jpg,132.03501674107142,223.0,0.04201211734693878,0.15513392857142858
vest,original(55)_p0.jpg,93.47767857142857,226.0,0.04123485331632653,0.04751275510204082
vest,original(56)_p0.jpg,112.2318040497449,174.0,0.0006576849489795918,0.02423469387755102
vest,original(58)_p0.jpg,139.06100526147958,246.0,0.11463647959183673,0.21153539540816327
vest,original(58)_p1.jpg,153.2930683992347,231.0,0.05139907525510204,0.14678332270408162
vest,original(58)_p2.jpg,153.97415098852042,240.0,0.08121412627551021,0.16111288265306123
vest,original(58)_p3.jpg,156.90473533163265,238.0,0.0755141900510204,0.17647879464285715
vest,original(59)_p0.jpg,127.39289700255102,189.0,0.004544005102040816,0.05470742984693878
vest,original(6)(1)_p0.jpg,142.24312420280611,205.0,0.0030691964285714285,0.10684390943877552
vest,original(6)(2)_p0.jpg,123.27455357142857,208.0,0.015545280612244899,0.16747050382653061
vest,original(6)(2)_p1.jpg,145.13273278061226,215.0,0.01935188137755102,0.19023038903061223
vest,original(6)(2)_p2.jpg,98.62244897959184,182.0,0.0020129145408163264,0.05213647959183673
vest,original(6)_p0.jpg,136.69447544642858,238.0,0.07393973214285714,0.26229671556122447
vest,original(6)_p1.jpg,103.46446508290816,223.0,0.03657126913265306,0.09363042091836735
vest,original(60)_p0.jpg,114.86011240433673,179.0,0.005082110969387755,0.018614477040816327
vest,original(61)_p2.jpg,152.0577168367347,236.0,0.06533003826530612,0.26217713647959184
vest,original(63)_p0.jpg,129.4572305484694,223.0,0.0362922512755102,0.12466119260204081
vest,original(63)_p1.jpg,169.4187858737245,230.0,0.04761240433673469,0.40194515306122447
vest,original(63)_p2.jpg,131.66641422193877,238.0,0.07499601403061225,0.1260363520408163
vest,original(63)_p3.jpg,155.9435188137755,233.0,0.05608258928571429,0.1962292729591837
vest,original(63)_p4.jpg,123.29926658163265,218.0,0.027044802295918366,0.03541533801020408
vest,original(64)_p1.jpg,100.55183753188776,209.0,0.023417570153061226,0.1194595025510204
vest,original(67)_p0.jpg,114.54926658163265,243.0,0.07543447066326531,0.16721141581632654
vest,original(68)_p0.jpg,113.29956552933673,230.0,0.04876833545918367,0.1529815051020408
vest,original(69)_p0.jpg,114.93528778698979,203.0,0.01411033163265306,0.10981345663265306
vest,original(7)(1)_p0.jpg,150.7990274234694,213.0,0.001793686224489796,0.10524952168367346
vest,original(7)(1)_p1.jpg,149.57172751913265,183.0,0.0,0.0682796556122449
vest,original(7)(2)_p0.jpg,151.5084901147959,204.0,0.017598054846938774,0.032904177295918366
vest,original(7)(2)_p1.jpg,158.2301100127551,240.0,0.07344148596938775,0.1714764030612245
vest,original(7)(2)_p2.jpg,161.3893494897959,244.0,0.09546396683673469,0.09295280612244898
vest,original(7)_p1.jpg,119.25388632015306,218.0,0.013432716836734694,0.1280094068877551
vest,original(70)_p0.jpg,146.0222018494898,234.0,0.062021683673469385,0.1992984693877551
vest,original(70)_p1.jpg,172.7880261479592,248.0,0.14799904336734693,0.31222098214285715
vest,original(70)_p2.jpg,165.6481784119898,247.0,0.11591198979591837,0.1753826530612245
vest,original(70)_p3.jpg,156.3223652742347,236.0,0.06664540816326531,0.23810188137755103
vest,original(71)_p0.jpg,167.55040258290816,244.0,0.11079001913265306,0.24152981505102042
vest,original(71)_p1.jpg,180.33559869260205,253.0,0.21390704719387754,0.33988360969387754
vest,original(71)_p2.jpg,169.0349968112245,234.0,0.06610730229591837,0.3156688456632653
vest,original(71)_p3.jpg,145.43722098214286,234.0,0.06361607142857142,0.2276985012755102
vest,original(72)_p0.jpg,102.26811623086735,213.0,0.017059948979591837,0.08541932397959184
vest,original(72)_p1.jpg,122.18797831632654,220.0,0.03455835459183673,0.1253985969387755
vest,original(73)_p0.jpg,126.27576929209184,196.0,0.002072704081632653,0.06010841836734694
vest,original(74)_p0.jpg,122.45591517857143,249.0,0.16557716836734693,0.19345902423469388
vest,original(74)_p1.jpg,118.72405133928571,223.0,0.03497688137755102,0.11445711096938775
vest,original(75)_p0.jpg,137.94483418367346,184.0,1.992984693877551e-05,0.04629703443877551
vest,original(76)_p0.jpg,162.45705117984693,239.0,0.08500079719387756,0.18620455994897958
vest,original(76)_p1.jpg,172.3922193877551,234.0,0.0635562818877551,0.35208067602040816
vest,original(76)_p2.jpg,154.18536750637756,234.0,0.060825892857142856,0.2259845344387755
vest,original(77)_p0.jpg,115.72839604591837,210.0,0.020228794642857144,0.04886798469387755
vest,original(77)_p1.jpg,126.11870216836735,212.0,0.02293925382653061,0.04693478954081633
vest,original(77)_p2.jpg,148.31200175382654,229.0,0.04665577168367347,0.16173070790816327
vest,original(77)_p3.jpg,131.87557796556123,234.0,0.05865353954081633,0.11483577806122448
vest,original(77)_p4.jpg,153.76919244260205,244.0,0.11557318239795919,0.2837611607142857
vest,original(77)_p5.jpg,162.62476084183675,244.0,0.11615114795918367,0.3333067602040816
vest,original(78)_p0.jpg,134.53354193239795,193.0,0.012675382653061224,0.03593351403061224
vest,original(78)_p1.jpg,131.70886479591837,200.0,0.015744579081632654,0.04896763392857143
vest,original(78)_p2.jpg,143.61178651147958,220.0,0.02965561224489796,0.15509406887755103
vest,original(78)_p3.jpg,133.5793606505102,209.0,0.013891103316326531,0.09259406887755102
vest,original(78)_p4.jpg,137.84644052933675,209.0,0.007254464285714286,0.18534757653061223
vest,original(79)_p0.jpg,156.81574856505102,246.0,0.12294722576530612,0.3022959183673469
vest,original(79)_p1.jpg,89.35154257015306,203.0,0.01175860969387755,0.01793686224489796
vest,original(8)(1)_p0.jpg,138.31144371811226,213.0,0.0027702487244897957,0.07344148596938775
vest,original(8)(2)_p0.jpg,131.08575813137756,213.0,0.025191326530612245,0.07220583545918367
vest,original(8)(2)_p1.jpg,147.50346779336735,239.0,0.07776626275510204,0.18327487244897958
vest,original(8)(2)_p2.jpg,155.53621253188774,248.0,0.1123046875,0.22068319515306123
vest,original(8)(2)_p3.jpg,157.6579440369898,247.0,0.11559311224489796,0.22969148596938777
vest,original(8)(2)_p4.jpg,144.13972815688774,252.0,0.1474011479591837,0.14636479591836735
vest,original(8)(2)_p5.jpg,158.83976403061226,247.0,0.12773038903061223,0.30715880102040816
vest,original(8)_p0.jpg,108.13795440051021,198.0,0.011997767857142858,0.11332110969387756
vest,original(8)_p1.jpg,111.83246970663265,191.0,0.011658960459183673,0.07270408163265306
vest,original(80)_p0.jpg,153.12306680484693,246.0,0.0989516900510204,0.2225765306122449
vest,original(80)_p1.jpg,169.38913026147958,250.0,0.11902104591836735,0.1995575573979592
vest,original(80)_p2.jpg,177.4123086734694,253.0,0.2008330676020408,0.37284757653061223
vest,original(80)_p3.jpg,160.25918765943877,249.0,0.13787468112244897,0.3425143494897959
vest,original(80)_p4.jpg,160.46635841836735,246.0,0.17588089923469388,0.3317123724489796
vest,original(81)_p0.jpg,105.72090242346938,224.0,0.034259406887755105,0.01988998724489796
vest,original(81)_p1.jpg,108.34113919005102,228.0,0.04466278698979592,0.15615035076530612
vest,original(81)_p2.jpg,77.65630978954081,178.0,0.020467952806122448,0.01580436862244898
vest,original(82)_p0.jpg,121.3266302614796,203.0,0.023297991071428572,0.05845424107142857
vest,original(82)_p1.jpg,150.4950573979592,236.0,0.06325733418367346,0.1325733418367347
vest,original(82)_p2.jpg,157.38962850765307,236.25,0.06531010841836735,0.19469467474489796
vest,original(83)_p0.jpg,133.86188616071428,194.0,0.009068080357142858,0.06331712372448979
vest,original(83)_p1.jpg,143.57706871811226,215.0,0.024972098214285716,0.12543845663265307
vest,original(85)_p1.jpg,151.92446588010205,252.0,0.18518813775510204,0.08874760841836735
vest,original(86)_p0.jpg,143.4289102359694,211.0,0.0224609375,0.08759167729591837
vest,original(86)_p1.jpg,147.40272241709184,226.0,0.03812579719387755,0.12900589923469388
vest,original(86)_p2.jpg,149.6579440369898,220.0,0.02897799744897959,0.17022082270408162
vest,original(87)_p0.jpg,129.82043207908163,199.0,0.015385841836734694,0.05763711734693878
vest,original(87)_p1.jpg,110.86473612882654,176.0,0.0027503188775510204,0.02560985331632653
vest,original(87)_p2.jpg,108.89132254464286,179.0,0.01229671556122449,0.03063217474489796
vest,original(87)_p3.jpg,122.53629225127551,187.0,0.0064572704081632655,0.019650829081632654
vest,original(87)_p4.jpg,87.37669403698979,168.0,0.0004185267857142857,0.011957908163265306
vest,original(87)_p5.jpg,144.10596699617346,227.0,0.03882334183673469,0.1344268176020408
vest,original(87)_p6.jpg,139.77285953443877,218.0,0.02028858418367347,0.17368861607142858
vest,original(88)_p0.jpg,153.20601482780611,223.0,0.02686543367346939,0.11854272959183673
vest,original(89)_p0.jpg,113.06704400510205,214.0,0.033502072704081634,0.08551897321428571
vest,original(89)_p1.jpg,93.50799186862245,219.0,0.04237085459183673,0.06188217474489796
vest,original(89)_p2.jpg,128.60949457908163,215.0,0.021245216836734693,0.12161192602040816
vest,original(89)_p3.jpg,88.06042729591837,232.0,0.05201690051020408,0.009068080357142858
vest,original(9)(1)_p0.jpg,134.1017219387755,164.0,0.0,0.0006377551020408163
vest,original(9)(2)_p0.jpg,162.37452168367346,236.0,0.06782126913265306,0.20172991071428573
vest,original(9)(2)_p1.jpg,148.45085299744898,237.0,0.07112962372448979,0.22253667091836735
vest,original(9)(2)_p2.jpg,145.3780891262755,231.0,0.050681600765306124,0.25486288265306123
vest,original(90)_p0.jpg,174.94252232142858,250.0,0.14351482780612246,0.2487842793367347
vest,original(90)_p1.jpg,164.9227519132653,238.0,0.09349091198979592,0.3910634566326531
vest,original(91)_p0.jpg,148.0411750637755,221.0,0.0264469068877551,0.2140266262755102
vest,original(91)_p1.jpg,101.62458147321429,215.0,0.022600446428571428,0.09598214285714286
vest,original(91)_p2.jpg,159.4202208227041,246.0,0.11226482780612244,0.18486926020408162
vest,original(91)_p3.jpg,137.68805803571428,227.0,0.043068399234693876,0.15563217474489796
vest,original(95)_p0.jpg,156.0995495854592,237.0,0.07081074617346939,0.16661352040816327
vest,original(95)_p1.jpg,167.49041374362244,249.0,0.13215481505102042,0.29635682397959184
vest,original(95)_p2.jpg,178.59982860331633,252.0,0.22652264030612246,0.44228316326530615
vest,original(95)_p3.jpg,136.35514987244898,230.0,0.04783163265306122,0.1654376594387755
vest,original(95)_p4.jpg,161.97321428571428,237.0,0.08121412627551021,0.3342833227040816
vest,original(96)_p0.jpg,139.01711973852042,194.0,0.01407047193877551,0.0519172512755102
vest,original(96)_p1.jpg,125.96837133290816,179.0,0.003926179846938775,0.024792729591836735
vest,original(96)_p2.jpg,119.00420519770408,206.0,0.021245216836734693,0.06590800382653061
vest,original(96)_p3.jpg,137.77650669642858,227.0,0.042091836734693876,0.1722138073979592
vest,original(96)_p4.jpg,143.65662866709184,224.0,0.0330436862244898,0.18435108418367346
vest,original(96)_p5.jpg,130.90318080357142,222.0,0.03469786352040816,0.08731265943877552
vest,original(96)_p6.jpg,138.3082350127551,218.0,0.014548788265306123,0.2664819834183674
vest,original(97)_p0.jpg,138.1804049744898,233.0,0.055763711734693876,0.12549824617346939
vest,original(97)_p1.jpg,176.90051020408163,252.0,0.16840720663265307,0.32138871173469385
vest,original(97)_p2.jpg,165.67273198341837,252.0,0.12757095025510204,0.27315848214285715
vest,original(97)_p3.jpg,178.03015385841837,251.0,0.19172512755102042,0.37681361607142855
vest,original(98)_p0.jpg,139.4665975765306,205.0,0.01428970025510204,0.09215561224489796
vest,original(99)_p0.jpg,135.1335897640306,249.0,0.09600207270408163,0.04298867984693878
vest,original(99)_p1.jpg,145.7252272002551,250.0,0.13251355229591838,0.06228077168367347
no_vest,original(1)(2)_p0.jpg,63.38540338010204,123.0,0.0006377551020408163,0.004583864795918368
no_vest,original(1)_p0.jpg,137.73102678571428,239.0,0.07467713647959184,0.30147879464285715
no_vest,original(100)_p0.jpg,136.3551100127551,212.0,0.020467952806122448,0.378726881377551
no_vest,original(108)_p1.jpg,109.63841278698979,215.0,0.01823580994897959,0.14616549744897958
no_vest,original(13)(1)_p0.jpg,84.60945471938776,158.0,3.985969387755102e-05,0.015385841836734694
no_vest,original(13)_p0.jpg,73.55131935586735,148.0,0.0,0.02459343112244898
no_vest,original(135)_p0.jpg,112.14494977678571,206.0,0.01167889030612245,0.19911910076530612
no_vest,original(135)_p1.jpg,155.82928093112244,230.0,0.048549107142857144,0.4018056441326531
no_vest,original(136)_p0.jpg,60.46811224489796,175.0,0.008450255102040817,0.020627391581632654
no_vest,original(137)_p0.jpg,109.91230867346938,206.0,0.011957908163265306,0.11836336096938775
no_vest,original(138)_p0.jpg,124.88068000637755,210.0,0.020547672193877552,0.02307876275510204
no_vest,original(139)_p0.jpg,76.53091119260205,191.0,0.016900510204081634,0.034458705357142856
no_vest,original(140)_p0.jpg,57.77734375,102.0,0.00027901785714285713,0.0013950892857142857
no_vest,original(141)_p0.jpg,145.2603834502551,229.0,0.04458306760204082,0.4582669005102041
no_vest,original(141)_p1.jpg,76.29910714285714,171.0,0.009127869897959183,0.04087611607142857
no_vest,original(142)_p0.jpg,103.66635443239795,187.0,0.005839445153061225,0.08318718112244898
no_vest,original(143)_p0.jpg,147.08928571428572,200.0,0.006018813775510204,0.31230070153061223
no_vest,original(144)_p0.jpg,117.85776068239795,216.0,0.014967315051020409,0.1262157206632653
no_vest,original(144)_p1.jpg,127.71849091198979,229.0,0.047373246173469385,0.28908242984693877
no_vest,original(145)_p0.jpg,103.96053890306122,136.0,0.001175860969387755,0.007932079081632654
no_vest,original(145)_p1.jpg,102.67898995535714,148.0,0.003985969387755102,0.019331951530612245
no_vest,original(146)_p0.jpg,67.89995216836735,123.0,0.0003786670918367347,0.006875797193877551
no_vest,original(146)_p1.jpg,71.92566167091837,114.0,0.0001992984693877551,0.0029097576530612247
no_vest,original(147)_p0.jpg,169.47233737244898,224.0,0.04330755739795918,0.3661312181122449
no_vest,original(147)_p1.jpg,151.81941565688774,249.0,0.07368064413265306,0.252132493622449
no_vest,original(147)_p2.jpg,181.10610650510205,254.0,0.17075892857142858,0.43046476403061223
no_vest,original(147)_p3.jpg,183.44862085459184,255.0,0.22706074617346939,0.4492785395408163
no_vest,original(147)_p4.jpg,191.59086017219389,255.0,0.2554209183673469,0.6024792729591837
no_vest,original(148)_p0.jpg,122.4302056760204,212.0,0.014229910714285714,0.09644052933673469
no_vest,original(149)_p0.jpg,54.18702168367347,107.0,0.007553411989795918,1.992984693877551e-05
no_vest,original(149)_p1.jpg,76.04442362882654,185.0,0.011041135204081632,0.02098612882653061
no_vest,original(149)_p2.jpg,106.83551897321429,205.0,0.015864158163265307,0.08127391581632654
no_vest,original(149)_p3.jpg,127.98186383928571,232.0,0.053631218112244895,0.08810985331632654
no_vest,original(15)_p0.jpg,84.93044483418367,142.0,1.992984693877551e-05,0.0038066007653061226
no_vest,original(150)_p0.jpg,87.2298509247449,165.0,0.005022321428571429,0.03186782525510204
no_vest,original(151)_p0.jpg,111.44258211096938,160.0,3.985969387755102e-05,0.006855867346938775
no_vest,original(151)_p1.jpg,88.83288823341837,154.0,0.0,0.0034877232142857145
no_vest,original(152)_p0.jpg,104.69913903061224,200.0,0.014628507653061224,0.09151785714285714
no_vest,original(153)_p0.jpg,55.096898915816325,82.0,1.992984693877551e-05,0.0013352997448979591
no_vest,original(153)_p1.jpg,146.4132453762755,240.0,0.07810507015306123,0.3461814413265306
no_vest,original(153)_p2.jpg,150.53898278061226,239.0,0.07800542091836735,0.3656529017857143
no_vest,original(154)_p0.jpg,109.021484375,171.0,0.0009765625,0.01407047193877551
no_vest,original(154)_p1.jpg,111.10152264030613,186.0,0.004683514030612245,0.0470344387755102
no_vest,original(156)_p0.jpg,118.41535794005102,209.0,0.01823580994897959,0.18162069515306123
no_vest,original(157)_p0.jpg,111.01137994260205,151.0,3.985969387755102e-05,0.004763233418367347
no_vest,original(158)_p0.jpg,120.74525669642857,251.0,0.08314732142857142,0.11601163903061225
no_vest,original(159)_p1.jpg,168.57969945790816,218.0,0.011120854591836735,0.5646922831632653
no_vest,original(160)_p1.jpg,98.75288982780613,217.0,0.012755102040816327,0.08994339923469388
no_vest,original(162)_p0.jpg,129.56405452806123,221.0,0.034837372448979595,0.07784598214285714
no_vest,original(162)_p1.jpg,114.5428691007653,207.0,0.02596859056122449,0.1340282206632653
no_vest,original(164)_p0.jpg,109.68823740433673,188.0,0.007114955357142857,0.019491390306122448
no_vest,original(164)_p2.jpg,99.44439572704081,168.0,0.0014947385204081632,0.007613201530612245
no_vest,original(164)_p3.jpg,110.51393096301021,179.0,0.0030691964285714285,0.013333067602040817
no_vest,original(164)_p4.jpg,106.7718431122449,164.0,0.00045838647959183676,0.015206473214285714
no_vest,original(164)_p5.jpg,105.07647082270408,161.0,9.964923469387755e-05,0.01482780612244898
no_vest,original(167)_p1.jpg,75.11535395408163,108.0,0.0024912308673469387,0.006995376275510204
no_vest,original(167)_p2.jpg,52.712571747448976,97.0,5.978954081632653e-05,0.0008769132653061224
no_vest,original(168)_p0.jpg,84.92793367346938,141.0,0.0,0.00235172193877551
no_vest,original(168)_p1.jpg,180.3757772640306,253.0,0.15997688137755103,0.28854432397959184
no_vest,original(169)_p0.jpg,121.97094228316327,200.0,0.011818399234693877,0.08354591836734694
no_vest,original(170)_p0.jpg,90.85580755739795,203.0,0.00860969387755102,0.1611328125
no_vest,original(172)_p0.jpg,95.44323979591837,149.0,0.0014150191326530613,0.01078204719387755
no_vest,original(173)_p0.jpg,50.15453603316327,89.0,0.0,0.0
no_vest,original(173)_p1.jpg,56.99264588647959,99.0,0.0,0.0
no_vest,original(174)_p1.jpg,108.68385283801021,192.0,0.007672991071428571,0.0833266900510204
no_vest,original(175)_p0.jpg,113.76132015306122,205.0,0.009745695153061224,0.15822305484693877
no_vest,original(176)_p2.jpg,119.35819913903062,208.0,0.007892219387755101,0.3560068558673469
no_vest,original(178)_p0.jpg,123.3471978635204,184.0,0.004524075255102041,0.05161830357142857
no_vest,original(18)_p1.jpg,74.32569355867346,140.0,0.00045838647959183676,0.00408561862244898
no_vest,original(180)_p0.jpg,137.33338647959184,249.0,0.09984853316326531,0.2551419005102041
no_vest,original(182)_p0.jpg,77.4222337372449,127.0,0.0,0.0005580357142857143
no_vest,original(183)_p0.jpg,94.71480389030613,185.0,0.0014947385204081632,0.06349649234693877
no_vest,original(184)_p0.jpg,133.88586176658163,188.0,0.0031489158163265306,0.07573341836734694
no_vest,original(184)_p1.jpg,108.6088568239796,194.0,0.00932716836734694,0.07509566326530612
no_vest,original(184)_p2.jpg,140.24001514668367,211.0,0.016322544642857144,0.25400589923469385
no_vest,original(187)_p0.jpg,107.22261639030613,206.0,0.012177136479591837,0.16964285714285715
no_vest,original(187)_p1.jpg,80.76070232780613,178.0,0.006497130102040816,0.04611766581632653
no_vest,original(189)_p0.jpg,69.71338887117346,158.0,0.0034677933673469387,0.016481983418367346
no_vest,original(19)_p0.jpg,159.71853077168367,254.0,0.12181122448979592,0.29189253826530615
no_vest,original(19)_p1.jpg,147.8614277742347,215.0,0.018993144132653062,0.17972735969387754
no_vest,original(195)_p0.jpg,115.89885602678571,186.0,0.0007174744897959184,0.02672592474489796
no_vest,original(196)_p0.jpg,109.15880102040816,193.0,0.015146683673469387,0.05092075892857143
no_vest,original(196)_p1.jpg,121.91035554846938,199.0,0.012814891581632654,0.12276785714285714
no_vest,original(196)_p2.jpg,158.41892538265307,228.0,0.04380580357142857,0.33035714285714285
no_vest,original(2)(2)_p1.jpg,133.7606823979592,245.0,0.09093989158163265,0.22496811224489796
no_vest,original(2)_p0.jpg,61.525669642857146,106.0,7.971938775510203e-05,0.0007174744897959184
no_vest,original(204)_p2.jpg,131.73881935586735,228.0,0.04025829081632653,0.13570232780612246
no_vest,original(206)_p1.jpg,132.30616230867346,181.0,0.0030293367346938774,0.041294642857142856
no_vest,original(210)_p0.jpg,109.69648836096938,148.0,0.001992984693877551,0.005839445153061225
no_vest,original(210)_p1.jpg,82.5342793367347,138.0,0.0,0.0001793686224489796
no_vest,original(212)_p0.jpg,110.42456552933673,195.0,0.01363201530612245,0.06887755102040816
no_vest,original(212)_p1.jpg,123.91087372448979,173.0,0.0064572704081632655,0.02214205994897959
no_vest,original(213)_p0.jpg,115.04962531887755,154.0,0.0,0.002032844387755102
no_vest,original(213)_p1.jpg,117.30239556760205,176.0,0.0004384566326530612,0.03358179209183673
no_vest,original(214)_p1.jpg,53.798509247448976,109.0,0.00027901785714285713,0.0009367028061224489
no_vest,original(215)_p0.jpg,80.55329241071429,121.0,0.0,0.00033880739795918367
no_vest,original(215)_p2.jpg,122.67546237244898,224.0,0.04290896045918367,0.0797592474489796
no_vest,original(216)_p1.jpg,81.9897161989796,195.0,0.005022321428571429,0.09805484693877552
no_vest,original(217)_p0.jpg,131.16942362882654,217.0,0.02979512117346939,0.11708785076530612
no_vest,original(218)_p0.jpg,115.17458545918367,152.0,0.0,0.002551020408163265
no_vest,original(218)_p2.jpg,115.72925302933673,179.0,5.978954081632653e-05,0.04528061224489796
no_vest,original(219)_p6.jpg,133.7789979272959,235.0,0.07019292091836735,0.43399234693877553
no_vest,original(221)_p1.jpg,115.51335299744898,206.0,0.010522959183673469,0.23899872448979592
no_vest,original(222)_p0.jpg,165.39939413265307,230.0,0.0478515625,0.25876913265306123
no_vest,original(228)_p0.jpg,141.36365991709184,214.0,0.026088169642857144,0.14498963647959184
no_vest,original(229)_p1.jpg,100.74292490433673,193.0,0.008589764030612245,0.08454241071428571
no_vest,original(23)_p1.jpg,147.7472297512755,212.0,0.014987244897959183,0.44154575892857145
no_vest,original(238)_p0.jpg,79.24906329719387,175.0,0.001833545918367347,0.029834980867346938
no_vest,original(24)_p0.jpg,108.72829639668367,180.0,0.0031090561224489796,0.047154017857142856
no_vest,original(24)_p1.jpg,124.51805644132654,208.0,0.011001275510204082,0.08103475765306123
no_vest,original(242)_p0.jpg,122.44331951530613,183.0,0.0020527742346938774,0.05177774234693878
no_vest,original(243)_p0.jpg,65.8979193239796,167.0,0.0024713010204081634,0.02277981505102041
no_vest,original(243)_p1.jpg,55.01094148596939,109.0,1.992984693877551e-05,0.0007174744897959184
no_vest,original(243)_p4.jpg,107.5113600127551,215.0,0.025908801020408163,0.13364955357142858
no_vest,original(244)_p2.jpg,123.4620137117347,243.0,0.08111447704081633,0.3006616709183674
no_vest,original(246)_p0.jpg,105.435546875,169.25,0.00023915816326530612,0.020806760204081634
no_vest,original(247)_p0.jpg,124.02479272959184,206.0,0.010044642857142858,0.12218989158163265
no_vest,original(249)_p2.jpg,152.5253308354592,229.0,0.04661591198979592,0.1376953125
no_vest,original(253)_p1.jpg,128.83422353316325,195.0,0.00350765306122449,0.09046157525510204
no_vest,original(255)_p0.jpg,110.24972098214286,205.0,0.016222895408163265,0.09424824617346939
no_vest,original(263)_p0.jpg,156.91968271683675,222.0,0.017239317602040817,0.1500518176020408
no_vest,original(264)_p0.jpg,150.66960299744898,235.0,0.06656568877551021,0.21374760841836735
no_vest,original(265)_p0.jpg,167.05199697066325,237.0,0.08248963647959184,0.25892857142857145
no_vest,original(266)_p0.jpg,101.1714166135204,162.0,0.004464285714285714,0.00839046556122449
no_vest,original(268)_p1.jpg,103.2374043367347,215.0,0.022181919642857144,0.1997967155612245
no_vest,original(268)_p2.jpg,112.95794802295919,218.0,0.028619260204081634,0.17426658163265307
no_vest,original(268)_p3.jpg,88.23028938137755,209.0,0.02018893494897959,0.11525430484693877
no_vest,original(272)_p0.jpg,145.4540019132653,198.0,0.025948660714285716,0.10431281887755102
no_vest,original(273)_p0.jpg,147.96827168367346,224.0,0.03360172193877551,0.056740274234693876
no_vest,original(277)_p0.jpg,171.27499202806123,217.0,0.012934470663265306,0.6479591836734694
no_vest,original(279)_p0.jpg,76.06620695153062,165.0,0.0013950892857142857,0.030911192602040817
no_vest,original(279)_p1.jpg,90.208984375,184.0,0.0034279336734693877,0.06718351403061225
no_vest,original(28)(1)_p0.jpg,108.77124521683673,155.0,0.0013153698979591836,0.00882892219387755
no_vest,original(28)_p0.jpg,76.38639987244898,215.0,0.03059231505102041,0.08219068877551021
no_vest,original(280)_p2.jpg,100.08284837372449,179.0,0.0012356505102040817,0.04067681760204082
no_vest,original(282)_p1.jpg,83.92388791454081,139.0,0.0024912308673469387,0.010841836734693877
no_vest,original(284)_p0.jpg,132.8619459502551,189.0,0.001913265306122449,0.0517578125
no_vest,original(286)_p2.jpg,70.30167809311224,116.0,0.0,7.971938775510203e-05
no_vest,original(29)_p1.jpg,69.2562181122449,139.0,5.978954081632653e-05,0.0013153698979591836
no_vest,original(290)_p0.jpg,123.20750956632654,197.0,0.005181760204081632,0.16661352040816327
no_vest,original(292)_p0.jpg,112.9395527742347,207.0,0.018534757653061226,0.07132892219387756
no_vest,original(292)_p1.jpg,98.22793765943878,183.0,0.0030293367346938774,0.06130420918367347
no_vest,original(294)_p0.jpg,144.50063775510205,225.0,0.040517378826530615,0.23343829719387754
no_vest,original(296)_p0.jpg,87.8856425382653,156.0,0.0013950892857142857,0.00922751913265306
no_vest,original(298)_p1.jpg,122.71613919005102,222.0,0.026167889030612245,0.3434909119897959
no_vest,original(3)(2)_p0.jpg,59.706413424744895,110.0,0.0007174744897959184,0.002730389030612245
no_vest,original(3)(2)_p2.jpg,44.578045280612244,90.0,1.992984693877551e-05,0.0008370535714285714
no_vest,original(3)_p0.jpg,101.50358737244898,208.0,0.022580516581632654,0.07814492984693877
no_vest,original(309)_p0.jpg,72.92071906887755,141.0,0.003208705357142857,0.0303531568877551
no_vest,original(31)_p0.jpg,92.45061383928571,202.0,0.01265545280612245,0.03665098852040816
no_vest,original(310)_p0.jpg,107.83806999362245,206.0,0.012197066326530613,0.16224888392857142
no_vest,original(310)_p1.jpg,154.14367426658163,232.0,0.05277423469387755,0.3940330038265306
no_vest,original(312)_p0.jpg,55.91196986607143,137.0,5.978954081632653e-05,0.0072146045918367345
no_vest,original(313)_p0.jpg,109.65989716198979,235.0,0.06495137117346939,0.2352718431122449
no_vest,original(314)_p0.jpg,55.579320790816325,136.0,0.00011957908163265306,0.00874920280612245
no_vest,original(316)_p1.jpg,144.75007971938774,237.0,0.09135841836734694,0.24336336096938777
no_vest,original(317)_p2.jpg,115.90409757653062,208.0,0.017637914540816327,0.0888671875
no_vest,original(317)_p3.jpg,102.79583864795919,183.0,0.005560427295918368,0.051259566326530615
no_vest,original(319)_p0.jpg,122.943359375,207.0,0.019192442602040817,0.02198262117346939
no_vest,original(32)_p0.jpg,142.11027184311226,229.0,0.04649633290816327,0.285953443877551
no_vest,original(321)_p0.jpg,115.47068319515306,190.0,0.0007174744897959184,0.06194196428571429
no_vest,original(321)_p1.jpg,140.48537149234693,227.0,0.042669802295918366,0.18845663265306123
no_vest,original(323)_p0.jpg,142.57680963010205,223.0,0.040158641581632654,0.12165178571428571
no_vest,original(323)_p1.jpg,168.84556361607142,211.0,0.02365672831632653,0.3193957270408163
no_vest,original(324)_p0.jpg,127.80395009566327,193.0,0.003268494897959184,0.16631457270408162
no_vest,original(33)_p0.jpg,110.7413105867347,177.0,0.00665656887755102,0.03316326530612245
no_vest,original(336)_p0.jpg,75.88177614795919,134.0,0.0,0.003268494897959184
no_vest,original(336)_p1.jpg,87.95190927933673,159.0,0.0,0.00412547831632653
no_vest,original(337)_p3.jpg,122.36465640943878,198.0,0.010522959183673469,0.1758410395408163
no_vest,original(34)_p0.jpg,130.82322225765307,220.0,0.023297991071428572,0.2844188456632653
no_vest,original(34)_p1.jpg,110.91497927295919,187.0,0.0037268813775510204,0.0963608099489796
no_vest,original(340)_p2.jpg,91.71189413265306,177.0,0.004603794642857143,0.027483258928571428
no_vest,original(343)_p0.jpg,87.51213727678571,135.0,0.002331792091836735,0.0033681441326530613
no_vest,original(343)_p1.jpg,90.22720025510205,182.0,0.008051658163265306,0.024294483418367346
no_vest,original(348)_p0.jpg,128.32969945790816,200.0,0.0057597257653061226,0.01628268494897959
no_vest,original(35)_p1.jpg,80.97347337372449,143.0,3.985969387755102e-05,0.004065688775510204
no_vest,original(350)_p1.jpg,149.67061941964286,228.0,0.03675063775510204,0.5211854272959183
no_vest,original(352)_p0.jpg,112.32465720663265,179.0,0.01500717474489796,0.016302614795918366
no_vest,original(354)_p0.jpg,126.45735012755102,214.0,0.027383609693877552,0.29135443239795916
no_vest,original(354)_p1.jpg,92.76733896683673,211.0,0.021902901785714284,0.16448102678571427
no_vest,original(355)_p1.jpg,111.67942841198979,185.0,0.0025111607142857145,0.05287388392857143
no_vest,original(355)_p2.jpg,139.11864237882654,190.0,0.003966039540816327,0.15375876913265307
no_vest,original(355)_p3.jpg,148.74850526147958,215.0,0.02224170918367347,0.38538345025510207
no_vest,original(356)_p0.jpg,127.85359534438776,171.0,0.0002192283163265306,0.014787946428571428
no_vest,original(359)_p0.jpg,113.83898676658163,202.0,0.014409279336734694,0.11501514668367346
no_vest,original(359)_p1.jpg,82.5406568877551,184.0,0.004763233418367347,0.0657485650510204
no_vest,original(360)_p0.jpg,74.09813456632654,182.0,0.004185267857142857,0.05763711734693878
no_vest,original(360)_p1.jpg,109.6766581632653,204.0,0.015146683673469387,0.11120854591836735
no_vest,original(362)_p1.jpg,135.61906090561226,252.0,0.08946508290816327,0.1911670918367347
no_vest,original(365)_p0.jpg,126.62715242346938,184.0,0.007513552295918368,0.05739795918367347
no_vest,original(366)_p0.jpg,155.01662149234693,247.0,0.1355030293367347,0.4323780293367347
no_vest,original(366)_p1.jpg,182.22698102678572,254.0,0.36130819515306123,0.49547592474489793
no_vest,original(366)_p2.jpg,107.98955676020408,191.0,0.0006576849489795918,0.08711336096938775
no_vest,original(367)_p1.jpg,136.77889827806123,218.0,0.02361686862244898,0.08013791454081633
no_vest,original(37)_p0.jpg,137.5330436862245,224.0,0.03977997448979592,0.32248485331632654
no_vest,original(372)_p0.jpg,161.4303651147959,222.0,0.032724808673469385,0.5974968112244898
no_vest,original(373)_p0.jpg,119.74627311862245,221.0,0.024713010204081634,0.12099410076530612
no_vest,original(374)_p0.jpg,110.74736926020408,196.0,0.015864158163265307,0.10196109693877552
no_vest,original(375)_p0.jpg,165.82541454081633,255.0,0.21179448341836735,0.1845703125
no_vest,original(376)_p0.jpg,88.58366549744898,194.0,0.011977838010204082,0.08571827168367346
no_vest,original(377)_p0.jpg,141.0060586734694,216.0,0.025510204081632654,0.23469387755102042
no_vest,original(379)_p0.jpg,147.5217434630102,208.0,0.010821906887755101,0.40726642219387754
no_vest,original(38)_p1.jpg,161.51801658163265,241.0,0.09213568239795919,0.22431042729591838
no_vest,original(380)_p0.jpg,85.68562659438776,203.0,0.015525350765306123,0.11475605867346939
no_vest,original(381)_p0.jpg,59.2004544005102,143.0,0.00011957908163265306,0.007672991071428571
no_vest,original(382)_p0.jpg,85.88578204719387,176.0,0.00408561862244898,0.03997927295918367
no_vest,original(384)_p0.jpg,113.61144770408163,193.0,0.004324776785714286,0.1155532525510204
no_vest,original(385)_p0.jpg,109.87611607142857,213.0,0.007672991071428571,0.12029655612244898
no_vest,original(386)_p0.jpg,154.53364158163265,231.0,0.05018335459183673,0.29659598214285715
no_vest,original(388)_p0.jpg,151.0094068877551,226.0,0.033203125,0.43002630739795916
no_vest,original(389)_p0.jpg,95.03242586096938,141.0,0.00013950892857142856,0.004025829081632653
no_vest,original(389)_p1.jpg,100.67263233418367,185.0,0.0021125637755102043,0.058673469387755105
no_vest,original(39)_p0.jpg,112.80879304846938,214.0,0.02379623724489796,0.15977758290816327
no_vest,original(390)_p0.jpg,118.70952248086735,210.0,0.022181919642857144,0.16513871173469388
no_vest,original(390)_p1.jpg,102.61459661989795,175.0,0.003587372448979592,0.0333625637755102
no_vest,original(394)_p0.jpg,150.77088647959184,238.0,0.07700892857142858,0.34193638392857145
no_vest,original(397)_p0.jpg,119.84628109056122,223.0,0.02947624362244898,0.16276705994897958
no_vest,original(399)_p0.jpg,109.17695711096938,201.0,0.015764508928571428,0.07880261479591837
no_vest,original(4)_p0.jpg,81.04703443877551,146.0,1.992984693877551e-05,0.004544005102040816
no_vest,original(405)_p0.jpg,96.35546875,230.0,0.04916693239795918,0.10558832908163265
no_vest,original(405)_p1.jpg,89.53364158163265,198.0,0.01114078443877551,0.05660076530612245
no_vest,original(407)_p0.jpg,85.56915656887755,169.0,0.0005181760204081633,0.03182796556122449
no_vest,original(408)_p0.jpg,114.6563496492347,168.0,0.00759327168367347,0.002730389030612245
no_vest,original(409)_p0.jpg,130.26564492984693,212.0,0.017817283163265307,0.361507493622449
no_vest,original(409)_p1.jpg,154.18016581632654,215.0,0.015525350765306123,0.33091517857142855
no_vest,original(41)_p0.jpg,89.09813456632654,180.0,0.002152423469387755,0.04946588010204082
no_vest,original(416)_p0.jpg,128.208984375,215.0,0.02513153698979592,0.18459024234693877
no_vest,original(416)_p1.jpg,145.14700255102042,219.0,0.02236128826530612,0.3109654017857143
no_vest,original(417)_p1.jpg,118.62665417729592,220.0,0.02911750637755102,0.16553730867346939
no_vest,original(417)_p2.jpg,103.34650031887755,201.0,0.016661352040816327,0.08685427295918367
no_vest,original(417)_p3.jpg,94.81078603316327,205.0,0.017418686224489797,0.10064572704081633
no_vest,original(417)_p4.jpg,76.21845105229592,153.0,0.003049266581632653,0.019870057397959183
no_vest,original(419)_p1.jpg,136.0416334502551,222.0,0.021245216836734693,0.43556680484693877
no_vest,original(419)_p2.jpg,103.30775669642857,215.0,0.026068239795918366,0.10961415816326531
no_vest,original(419)_p3.jpg,114.06536989795919,211.0,0.017059948979591837,0.1387316645408163
no_vest,original(419)_p4.jpg,126.41631457270408,217.0,0.027144451530612245,0.17735570790816327
no_vest,original(419)_p5.jpg,84.1680683992347,160.0,0.0021723533163265306,0.017956792091836735
no_vest,original(42)_p1.jpg,169.1453483737245,245.0,0.10646524234693877,0.31742267219387754
no_vest,original(420)_p0.jpg,100.66906489158163,211.0,0.01132015306122449,0.14455117984693877
no_vest,original(422)_p0.jpg,144.3838488520408,218.0,0.02353714923469388,0.32950015943877553
no_vest,original(422)_p1.jpg,155.78689014668367,242.0,0.10628587372448979,0.3238998724489796
no_vest,original(423)_p0.jpg,106.57575334821429,200.0,0.01783721301020408,0.08761160714285714
no_vest,original(423)_p1.jpg,122.87693319515306,203.0,0.012177136479591837,0.08358577806122448
no_vest,original(424)_p0.jpg,142.7478874362245,246.0,0.111328125,0.21000079719387754
no_vest,original(425)_p0.jpg,73.67231345663265,168.0,0.0029496173469387753,0.02369658801020408
no_vest,original(43)(1)_p2.jpg,124.73975605867346,216.0,0.012775031887755101,0.2049984056122449
no_vest,original(43)(1)_p4.jpg,125.63157684948979,207.0,0.014927455357142858,0.1451092155612245
no_vest,original(431)_p0.jpg,96.38988759566327,183.0,0.0042849170918367345,0.05365114795918367
no_vest,original(433)_p3.jpg,119.1961894132653,148.0,0.0006776147959183673,0.0077128507653061226
no_vest,original(434)_p0.jpg,112.84187659438776,177.0,0.0018534757653061226,0.03569435586734694
no_vest,original(435)_p0.jpg,161.74200813137756,232.0,0.05488679846938776,0.36561304209183676
no_vest,original(435)_p1.jpg,138.50125558035714,220.0,0.030113998724489797,0.33743223852040816
no_vest,original(438)_p2.jpg,117.40832270408163,214.0,0.021863042091836735,0.16404257015306123
no_vest,original(438)_p3.jpg,110.42123724489795,218.0,0.03457828443877551,0.12073501275510204
no_vest,original(44)_p0.jpg,85.66007653061224,186.25,0.002889827806122449,0.017877072704081634
no_vest,original(442)_p0.jpg,90.72502790178571,173.0,0.004045758928571429,0.02863919005102041
no_vest,original(442)_p1.jpg,81.25093670280613,187.0,0.007553411989795918,0.07210618622448979
no_vest,original(442)_p2.jpg,114.78198740433673,179.0,0.0034478635204081634,0.04448341836734694
no_vest,original(447)_p0.jpg,153.0359733737245,230.0,0.04942602040816327,0.5218231823979592
no_vest,original(447)_p1.jpg,160.06184231505102,223.0,0.031130420918367346,0.5196906887755102
no_vest,original(45)_p0.jpg,142.09598214285714,225.0,0.04139429209183673,0.08669483418367346
no_vest,original(45)_p1.jpg,113.59199617346938,215.0,0.03595344387755102,0.09133848852040816
no_vest,original(450)_p0.jpg,88.55036272321429,192.0,0.009546396683673469,0.08083545918367346
no_vest,original(450)_p1.jpg,125.1715162627551,216.0,0.02574936224489796,0.20838647959183673
no_vest,original(451)_p0.jpg,127.13496492346938,224.0,0.0372688137755102,0.32678970025510207
no_vest,original(451)_p1.jpg,139.91603555484693,200.0,0.008948501275510204,0.30662069515306123
no_vest,original(453)_p0.jpg,115.88448660714286,135.0,0.0010363520408163266,0.0031090561224489796
no_vest,original(455)_p0.jpg,98.7264628507653,172.0,0.004763233418367347,0.035833864795918366
no_vest,original(457)_p0.jpg,112.07957987882654,198.0,0.01207748724489796,0.06465242346938775
no_vest,original(457)_p2.jpg,135.80831473214286,217.0,0.03280452806122449,0.03170838647959184
no_vest,original(459)_p1.jpg,143.62503985969389,221.0,0.03158880739795918,0.45900430484693877
no_vest,original(46)_p0.jpg,112.29559948979592,187.0,0.011399872448979591,0.032106983418367346
no_vest,original(461)_p0.jpg,81.48604910714286,147.0,0.0016541772959183674,0.012635522959183673
no_vest,original(464)_p1.jpg,105.97221779336735,227.0,0.04179288903061224,0.27176339285714285
no_vest,original(465)_p0.jpg,138.08777104591837,220.0,0.029356664540816327,0.30532525510204084
no_vest,original(465)_p1.jpg,169.8203125,239.0,0.08043686224489796,0.6098533163265306
no_vest,original(465)_p2.jpg,128.9579081632653,184.0,0.0059590242346938774,0.05795599489795918
no_vest,original(466)_p1.jpg,121.29382573341837,206.0,0.008928571428571428,0.13715720663265307
no_vest,original(469)_p0.jpg,93.60847815688776,202.0,0.03260522959183673,0.04276945153061224
no_vest,original(470)_p1.jpg,151.48692602040816,221.0,0.031230070153061226,0.3616470025510204
no_vest,original(472)_p3.jpg,108.34791533801021,209.0,0.017996651785714284,0.12984295280612246
no_vest,original(474)_p0.jpg,127.48126594387755,168.0,0.0,0.008808992346938776
no_vest,original(475)_p0.jpg,52.851642219387756,123.0,0.00027901785714285713,0.002331792091836735
no_vest,original(476)_p0.jpg,139.08334661989795,190.0,0.00918765943877551,0.08231026785714286
no_vest,original(477)_p0.jpg,119.71506297831633,180.0,0.00235172193877551,0.02708466198979592
no_vest,original(479)_p0.jpg,108.43851642219387,192.0,0.00763313137755102,0.10797991071428571
no_vest,original(48)_p0.jpg,82.08456234056122,144.0,1.992984693877551e-05,0.004623724489795918
no_vest,original(49)_p1.jpg,88.14590640943878,173.0,0.0014748086734693877,0.03850446428571429
no_vest,original(51)_p0.jpg,70.50141501913265,165.0,0.005181760204081632,0.030831473214285716
no_vest,original(51)_p1.jpg,89.63713727678571,191.0,0.013671875,0.07164779974489796
no_vest,original(53)_p3.jpg,96.50486288265306,171.0,0.004045758928571429,0.028300382653061226
no_vest,original(54)_p0.jpg,122.20535714285714,220.0,0.028260522959183673,0.2155811543367347
no_vest,original(56)_p1.jpg,82.55638153698979,126.0,0.0,7.971938775510203e-05
no_vest,original(57)_p0.jpg,83.05110012755102,161.0,0.001793686224489796,0.01887356505102041
no_vest,original(57)_p1.jpg,98.21695631377551,173.0,0.0009367028061224489,0.0074936224489795915
no_vest,original(57)_p2.jpg,98.04844945790816,174.0,0.0004982461734693878,0.03659119897959184
no_vest,original(57)_p3.jpg,95.47947225765306,195.0,0.006058673469387755,0.034857302295918366
no_vest,original(57)_p4.jpg,71.0601881377551,166.0,0.003308354591836735,0.015246332908163265
no_vest,original(57)_p5.jpg,60.988699776785715,132.0,0.0015744579081632653,0.0062380420918367345
no_vest,original(57)_p6.jpg,98.7720025510204,199.0,0.007473692602040816,0.07272401147959184
no_vest,original(61)_p0.jpg,101.63062021683673,166.0,0.0006576849489795918,0.011639030612244899
no_vest,original(61)_p1.jpg,137.26229671556123,220.0,0.032106983418367346,0.20167012117346939
no_vest,original(62)_p0.jpg,92.23493303571429,200.0,0.012356505102040817,0.028041294642857144
no_vest,original(64)_p0.jpg,103.47823660714286,182.0,0.006576849489795918,0.019411670918367346
no_vest,original(65)_p0.jpg,106.7640306122449,178.0,0.0030293367346938774,0.04390545280612245
no_vest,original(65)_p1.jpg,144.20007573341837,242.0,0.07850366709183673,0.25235172193877553
no_vest,original(65)_p2.jpg,165.75785235969389,238.0,0.07409917091836735,0.27770248724489793
no_vest,original(66)_p0.jpg,145.81730309311226,189.0,0.0009167729591836735,0.05428890306122449
no_vest,original(67)_p1.jpg,76.21159518494898,139.0,0.0,0.00332828443877551
no_vest,original(67)_p2.jpg,78.69752471301021,185.0,0.03077168367346939,0.05369100765306122
no_vest,original(68)_p1.jpg,99.40108816964286,198.0,0.020388233418367346,0.04468271683673469
no_vest,original(69)_p2.jpg,80.75277024872449,147.0,0.0018534757653061226,0.01265545280612245
no_vest,original(7)_p0.jpg,109.55444834183673,194.0,0.012097417091836735,0.05974968112244898
no_vest,original(7)_p2.jpg,125.42671795280613,220.0,0.02977519132653061,0.22600446428571427
no_vest,original(72)_p2.jpg,98.5649115114796,181.0,0.0023915816326530613,0.05173788265306122
no_vest,original(84)_p0.jpg,83.32085060586735,155.0,0.0,0.005161830357142857
no_vest,original(84)_p1.jpg,123.64138233418367,186.0,0.0031090561224489796,0.09713807397959184
no_vest,original(85)_p0.jpg,101.7493821747449,191.0,1.992984693877551e-05,0.004105548469387755
no_vest,original(9)_p0.jpg,103.5961615114796,213.0,0.01731903698979592,0.09618144132653061
no_vest,original(9)_p1.jpg,110.82045200892857,255.0,0.15381855867346939,0.03693000637755102
no_vest,original(92)_p0.jpg,129.72720025510205,220.0,0.03126992984693878,0.1787109375
no_vest,original(93)_p0.jpg,84.18738042091837,178.0,0.005161830357142857,0.03340242346938776
no_vest,original(94)_p0.jpg,115.0703125,192.0,0.0021723533163265306,0.15214445153061223
no_vest,original_p0.jpg,126.59871253188776,184.0,0.0007971938775510204,0.06602758290816327
